{
    "Occupancy": {
        "Number of Occupants (-)": 2.0,
        "weekday_fractions": [0.035, 0.035, 0.035, 0.035, 0.035, 0.059, 0.082, 0.055, 0.027, 0.014, 0.014, 0.014, 0.014, 0.014, 0.019, 0.027, 0.041, 0.055, 0.068, 0.082, 0.082, 0.07, 0.053, 0.035],
        "weekend_fractions": [0.035, 0.035, 0.035, 0.035, 0.035, 0.059, 0.082, 0.055, 0.027, 0.014, 0.014, 0.014, 0.014, 0.014, 0.019, 0.027, 0.041, 0.055, 0.068, 0.082, 0.082, 0.07, 0.053, 0.035],
        "month_multipliers": [1.0, 1.0, 1.0, 1.0, 1.0, 1.0, 1.0, 1.0, 1.0, 1.0, 1.0, 1.0]
    },
    "Construction": {
        "Number of Bedrooms (-)": 4,
        "Number of Bathrooms (-)": 2,
        "House Type": "single-family detached",
        "Total Floors": 1.0,
        "Indoor Floors": 1.0,
        "Conditioned Floor Area (m^2)": 248.79434111999998,
        "Conditioned Volume (m^3)": 606.6601213870078,
        "Ceiling Height (m)": 2.4383999999999997,
        "Foundation Type": null,
        "First Floor Area (m^2)": 248.79434111999998,
        "Attic Floor Area (m^2)": 248.79434111999998,
        "Garage Floor Area (m^2)": 0,
        "Garage Protruded Area (m^2)": 0,
        "Indoor Floor Area (m^2)": 248.79434111999998,
        "Number of Bedrooms, Adjusted (-)": 1.5
    },
    "Boundaries": {
        "Exterior Wall": {
            "Interior Zone": "Indoor",
            "Exterior Zone": "Outdoor",
            "Area (m^2)": [
                46.953196416,
                26.087173632,
                45.09513561599999,
                26.087173632
            ],
            "Azimuth (deg)": [
                225,
                315,
                45,
                135
            ],
            "Boundary R Value": 10.1,
            "Exterior Solar Absorptivity (-)": 0.85,
            "Exterior Emissivity (-)": 0.9,
            "Finish Type": "wood siding",
            "Construction Type": "WoodStud"
        },
        "Attic Wall": {
            "Interior Zone": "Attic",
            "Exterior Zone": "Outdoor",
            "Area (m^2)": [
                17.279965439999998,
                17.279965439999998
            ],
            "Azimuth (deg)": [
                315,
                135
            ],
            "Boundary R Value": 4.0,
            "Exterior Solar Absorptivity (-)": 0.85,
            "Exterior Emissivity (-)": 0.9,
            "Finish Type": "wood siding",
            "Construction Type": "WoodStud"
        },
        "Attic Floor": {
            "Interior Zone": "Indoor",
            "Exterior Zone": "Attic",
            "Area (m^2)": [
                248.79434111999998
            ],
            "Boundary R Value": 14.6
        },
        "Floor": {
            "Interior Zone": "Indoor",
            "Exterior Zone": "Ground",
            "Area (m^2)": [
                248.79434111999998
            ],
            "Insulation Details": "Uninsulated"
        },
        "Attic Roof": {
            "Interior Zone": "Attic",
            "Exterior Zone": "Outdoor",
            "Area (m^2)": [
                139.07585088,
                139.07585088
            ],
            "Azimuth (deg)": [
                225,
                45
            ],
            "Boundary R Value": 2.3,
            "Exterior Solar Absorptivity (-)": 0.85,
            "Exterior Emissivity (-)": 0.9,
            "Finish Type": "asphalt or fiberglass shingles",
            "Construction Type": "Pitched",
            "Tilt (deg)": 26.56505117707799,
            "Radiant Barrier": false
        },
        "Window": {
            "Interior Zone": "Indoor",
            "Exterior Zone": "Outdoor",
            "Area (m^2)": [
                4.6451519999999995,
                2.582704512,
                4.6451519999999995,
                2.582704512
            ],
            "Azimuth (deg)": [
                225,
                315,
                45,
                135
            ],
            "U Factor (W/m^2-K)": 0.49,
            "SHGC (-)": 0.56,
            "Shading Fraction (-)": 0.7
        },
        "Door": {
            "Interior Zone": "Indoor",
            "Exterior Zone": "Outdoor",
            "Area (m^2)": [
                1.8580607999999998
            ],
            "Azimuth (deg)": [
                45
            ],
            "Boundary R Value": 5.0
        },
        "Interior Wall": {
            "Area (m^2)": [
                248.79434111999998
            ],
            "Interior Zone": "Indoor",
            "Exterior Zone": "Indoor",
            "Insulation Level": "Standard"
        },
        "Indoor Furniture": {
            "Area (m^2)": [
                99.517736448
            ],
            "Interior Zone": "Indoor",
            "Exterior Zone": "Indoor",
            "Insulation Level": "Standard"
        }
    },
    "Zones": {
        "Indoor": {
            "Zone Area (m^2)": 248.79434111999998,
            "Volume (m^3)": 606.6601213870078,
            "ELA stack coefficient (L/s/cm^4/K)": 8.964385856299901e-05,
            "ELA wind coefficient (L/s/cm^4/(m/s))": 0.00011413577917306574,
            "Infiltration Method": "ASHRAE",
            "inf_f_t": 0.5254720692073672,
            "inf_sft": 0.2627360346036836,
            "inf_n_i": 0.65,
            "inf_c": 0.1313044819909306,
            "inf_Cs": 0.056860661976270405,
            "inf_Cw": 0.16323354494299264
        },
        "Attic": {
            "Zone Area (m^2)": 248.79434111999998,
            "Volume (m^3)": 365.6511463298686,
            "Vented": true,
            "Infiltration Method": "ELA",
            "ELA (cm^2)": 8292.3153895296,
            "ELA stack coefficient (L/s/cm^4/K)": 0.00020430426141948953,
            "ELA wind coefficient (L/s/cm^4/(m/s))": 6.215096364492168e-05
        }
    },
    "Equipment": {
        "HVAC Heating": {
            "Equipment Name": "Furnace",
            "Fuel": "Natural gas",
            "Capacity (W)": 18123.810582222224,
            "EIR (-)": 1.25,
            "Rated Efficiency": "0.8 AFUE",
            "SHR (-)": null,
            "Conditioned Space Fraction (-)": 1.0,
            "Number of Speeds (-)": 1,
            "Rated Auxiliary Power (W)": 901.8479166666668,
            "Weekday Setpoints (C)": [16.666666666666686, 16.666666666666686, 16.666666666666686, 16.666666666666686, 20.000000000000057, 20.000000000000057, 20.000000000000057, 20.000000000000057, 20.000000000000057, 20.000000000000057, 20.000000000000057, 20.000000000000057, 20.000000000000057, 20.000000000000057, 20.000000000000057, 20.000000000000057, 20.000000000000057, 20.000000000000057, 20.000000000000057, 16.666666666666686, 16.666666666666686, 16.666666666666686, 16.666666666666686, 16.666666666666686],
            "Weekend Setpoints (C)": [16.666666666666686, 16.666666666666686, 16.666666666666686, 16.666666666666686, 20.000000000000057, 20.000000000000057, 20.000000000000057, 20.000000000000057, 20.000000000000057, 20.000000000000057, 20.000000000000057, 20.000000000000057, 20.000000000000057, 20.000000000000057, 20.000000000000057, 20.000000000000057, 20.000000000000057, 20.000000000000057, 20.000000000000057, 16.666666666666686, 16.666666666666686, 16.666666666666686, 16.666666666666686, 16.666666666666686],
            "Ducts": {
                "Zone": "Attic",
                "Supply Leakage (-)": 0.133,
                "Supply Area (ft^2)": 723.0600000000001,
                "Supply R Value": 4.0,
                "Return Leakage (-)": 0.067,
                "Return Area (ft^2)": 133.9,
                "Return R Value": 4.0
            }
        },
        "Water Heating": {
            "Equipment Name": "storage water heater",
            "Fuel": "Electricity",
            "Zone": "Indoor",
            "Setpoint Temperature (C)": 51.666666666666686,
            "UA (W/K)": 0.7042649206018199,
            "Efficiency (-)": 1.0,
            "Energy Factor (-)": 0.95,
            "Tank Volume (L)": 170.34353027999995,