{
    "Occupancy": {
        "Number of Occupants (-)": 2.0,
        "weekday_fractions": [0.035, 0.035, 0.035, 0.035, 0.035, 0.059, 0.082, 0.055, 0.027, 0.014, 0.014, 0.014, 0.014, 0.014, 0.019, 0.027, 0.041, 0.055, 0.068, 0.082, 0.082, 0.07, 0.053, 0.035],
        "weekend_fractions": [0.035, 0.035, 0.035, 0.035, 0.035, 0.059, 0.082, 0.055, 0.027, 0.014, 0.014, 0.014, 0.014, 0.014, 0.019, 0.027, 0.041, 0.055, 0.068, 0.082, 0.082, 0.07, 0.053, 0.035],
        "month_multipliers": [1.0, 1.0, 1.0, 1.0, 1.0, 1.0, 1.0, 1.0, 1.0, 1.0, 1.0, 1.0]
    },
    "Construction": {
        "Number of Bedrooms (-)": 2,
        "Number of Bathrooms (-)": 1,
        "House Type": "apartment unit",
        "Total Floors": 1.0,
        "Indoor Floors": 1.0,
        "Conditioned Floor Area (m^2)": 156.26291328,
        "Conditioned Volume (m^3)": 381.03148774195193,
        "Ceiling Height (m)": 2.4383999999999997,
        "Foundation Type": "Crawlspace",
        "First Floor Area (m^2)": 156.26291328,
        "Attic Floor Area (m^2)": 156.26291328,
        "Garage Floor Area (m^2)": 0,
        "Garage Protruded Area (m^2)": 0,
        "Indoor Floor Area (m^2)": 156.26291328,
        "Number of Bedrooms, Adjusted (-)": 1.91
    },
    "Boundaries": {
        "Exterior Wall": {
            "Interior Zone": "Indoor",
            "Exterior Zone": "Outdoor",
            "Area (m^2)": [
                18.636349823999996
            ],
            "Azimuth (deg)": [
                45
            ],
            "Boundary R Value": 16.0,
            "Exterior Solar Absorptivity (-)": 0.7,
            "Exterior Emissivity (-)": 0.9,
            "Finish Type": "composite shingle siding",
            "Construction Type": "WoodStud"
        },
        "Adjacent Wall": {
            "Interior Zone": "Indoor",
            "Exterior Zone": "Indoor",
            "Area (m^2)": [
                40.895918208,
                22.724083584,
                40.895918208
            ],
            "Azimuth (deg)": [
                135,
                225,
                315
            ],
            "Boundary R Value": 4.0,
            "Construction Type": "WoodStud"
        },
        "Foundation Wall": {
            "Interior Zone": "Foundation",
            "Exterior Zone": "Ground",
            "Area (m^2)": [
                11.362041792
            ],
            "Azimuth (deg)": [
                45
            ],
            "Insulation Details": "Uninsulated",
            "Height (m)": 1.2191999999999998,
            "Construction Type": "Crawlspace"
        },
        "Adjacent Foundation Wall": {
            "Interior Zone": "Foundation",
            "Exterior Zone": "Foundation",
            "Area (m^2)": [
                20.447959104,
                11.362041792,
                20.447959104
            ],
            "Azimuth (deg)": [
                135,
                225,
                315
            ],
            "Construction Type": "Crawlspace"
        },
        "Foundation Ceiling": {
            "Interior Zone": "Indoor",
            "Exterior Zone": "Foundation",
            "Area (m^2)": [
                156.26291328
            ],
            "Boundary R Value": 22.6
        },
        "Adjacent Ceiling": {
            "Interior Zone": "Indoor",
            "Exterior Zone": "Indoor",
            "Area (m^2)": [
                156.26291328
            ],
            "Boundary R Value": 2.1
        },
        "Foundation Floor": {
            "Interior Zone": "Foundation",
            "Exterior Zone": "Ground",
            "Area (m^2)": [
                156.26291328
            ],
            "Insulation Details": "Uninsulated"
        },
        "Rim Joist": {
            "Interior Zone": "Foundation",
            "Exterior Zone": "Outdoor",
            "Area (m^2)": [
                2.192511744
            ],
            "Azimuth (deg)": [
                45
            ],
            "Boundary R Value": 3.1,
            "Exterior Solar Absorptivity (-)": 0.7,
            "Exterior Emissivity (-)": 0.9,
            "Finish Type": "composite shingle siding"
        },
        "Adjacent Rim Joist": {
            "Interior Zone": "Foundation",
            "Exterior Zone": "Foundation",
            "Area (m^2)": [
                3.9390888959999995,
                2.192511744,
                3.9390888959999995
            ],
            "Azimuth (deg)": [
                135,
                225,
                315
            ],
            "Boundary R Value": 4.0
        },
        "Window": {
            "Interior Zone": "Indoor",
            "Exterior Zone": "Outdoor",
            "Area (m^2)": [
                4.08773376
            ],
            "Azimuth (deg)": [
                45
            ],
            "U Factor (W/m^2-K)": 0.76,
            "SHGC (-)": 0.67,
            "Shading Fraction (-)": 0.7
        },
        "Interior Wall": {
            "Area (m^2)": [
                156.26291328
            ],
            "Interior Zone": "Indoor",
            "Exterior Zone": "Indoor",
            "Insulation Level": "Standard"
        },
        "Indoor Furniture": {
            "Area (m^2)": [
                62.505165312
            ],
            "Interior Zone": "Indoor",
            "Exterior Zone": "Indoor",
            "Insulation Level": "Standard"
        },
        "Foundation Furniture": {
            "Area (m^2)": [
                62.505165312
            ],
            "Interior Zone": "Foundation",
            "Exterior Zone": "Foundation",
            "Insulation Level": "Standard"
        }
    },
    "Zones": {
        "Indoor": {
            "Zone Area (m^2)": 156.26291328,
            "Volume (m^3)": 381.03148774195193,
            "ELA stack coefficient (L/s/cm^4/K)": 8.964385856299901e-05,
            "ELA wind coefficient (L/s/cm^4/(m/s))": 0.00011413577917306574,
            "Infiltration Method": "ASHRAE",
            "inf_f_t": 0.5254720692073672,
            "inf_sft": 0.2627360346036836,
            "inf_n_i": 0.65,
            "inf_c": 0.12370470801460715,
            "inf_Cs": 0.05549283942636408,
            "inf_Cw": 0.10156623432739614
        },
        "Foundation": {
            "Zone Type": "Crawlspace",
            "Zone Area (m^2)": 156.26291328,
            "Volume (m^3)": 190.51574387097597,
            "Vented": true,
            "Infiltration Method": "ELA",
            "ELA (cm^2)": 10418.0484283776,
            "ELA stack coefficient (L/s/cm^4/K)": 4.4821929281499506e-05,
            "ELA wind coefficient (L/s/cm^4/(m/s))": 8.64987456620941e-05
        }
    },
    "Equipment": {
        "HVAC Heating": {
            "Equipment Name": "WallFurnace",
            "Fuel": "Electricity",
            "Capacity (W)": 2462.969617777778,
            "EIR (-)": 1.0,
            "Rated Efficiency": "1.0 AFUE",
            "SHR (-)": null,
            "Conditioned Space Fraction (-)": 1.0,
            "Number of Speeds (-)": 1,
            "Rated Auxiliary Power (W)": 0.0,
            "Weekday Setpoints (C)": [23.888888888888914, 23.888888888888914, 23.888888888888914, 23.888888888888914, 23.888888888888914, 23.888888888888914, 23.888888888888914, 23.888888888888914, 23.888888888888914, 23.888888888888914, 23.888888888888914, 23.888888888888914, 23.888888888888914, 23.888888888888914, 23.888888888888914, 23.888888888888914, 23.888888888888914, 23.888888888888914, 23.888888888888914, 23.888888888888914, 23.888888888888914, 23.888888888888914, 23.888888888888914, 23.888888888888914],