{
    "Occupancy": {
        "Number of Occupants (-)": 1.0,
        "weekday_fractions": [0.035, 0.035, 0.035, 0.035, 0.035, 0.059, 0.082, 0.055, 0.027, 0.014, 0.014, 0.014, 0.014, 0.014, 0.019, 0.027, 0.041, 0.055, 0.068, 0.082, 0.082, 0.07, 0.053, 0.035],
        "weekend_fractions": [0.035, 0.035, 0.035, 0.035, 0.035, 0.059, 0.082, 0.055, 0.027, 0.014, 0.014, 0.014, 0.014, 0.014, 0.019, 0.027, 0.041, 0.055, 0.068, 0.082, 0.082, 0.07, 0.053, 0.035],
        "month_multipliers": [1.0, 1.0, 1.0, 1.0, 1.0, 1.0, 1.0, 1.0, 1.0, 1.0, 1.0, 1.0]
    },
    "Construction": {
        "Number of Bedrooms (-)": 3,
        "Number of Bathrooms (-)": 2,
        "House Type": "single-family detached",
        "Total Floors": 1.0,
        "Indoor Floors": 1.0,
        "Conditioned Floor Area (m^2)": 114.08493311999999,
        "Conditioned Volume (m^3)": 278.18470091980794,
        "Ceiling Height (m)": 2.4383999999999997,
        "Foundation Type": null,
        "First Floor Area (m^2)": 114.08493311999999,
        "Attic Floor Area (m^2)": 114.08493311999999,
        "Garage Floor Area (m^2)": 0,
        "Garage Protruded Area (m^2)": 0,
        "Indoor Floor Area (m^2)": 114.08493311999999,
        "Number of Bedrooms, Adjusted (-)": 0.41000000000000003
    },
    "Boundaries": {
        "Exterior Wall": {
            "Interior Zone": "Indoor",
            "Exterior Zone": "Outdoor",
            "Area (m^2)": [
                31.791420288,
                17.670158207999997,
                29.933359488,
                17.670158207999997
            ],
            "Azimuth (deg)": [
                135,
                225,
                315,
                45
            ],
            "Boundary R Value": 4.8,
            "Exterior Solar Absorptivity (-)": 0.85,
            "Exterior Emissivity (-)": 0.9,
            "Finish Type": "wood siding",
            "Construction Type": "WoodStud"
        },
        "Floor": {
            "Interior Zone": "Indoor",
            "Exterior Zone": "Ground",
            "Area (m^2)": [
                114.08493311999999
            ],
            "Insulation Details": "Uninsulated"
        },
        "Roof": {
            "Interior Zone": "Indoor",
            "Exterior Zone": "Outdoor",
            "Area (m^2)": [
                114.08493311999999
            ],
            "Boundary R Value": 21.2,
            "Exterior Solar Absorptivity (-)": 0.85,
            "Exterior Emissivity (-)": 0.9,
            "Finish Type": "asphalt or fiberglass shingles",
            "Construction Type": "Flat",
            "Tilt (deg)": 0.0,
            "Radiant Barrier": false
        },
        "Window": {
            "Interior Zone": "Indoor",
            "Exterior Zone": "Outdoor",
            "Area (m^2)": [
                3.1494130559999998,
                1.746577152,
                3.1494130559999998,
                1.746577152
            ],
            "Azimuth (deg)": [
                135,
                225,
                315,
                45
            ],
            "U Factor (W/m^2-K)": 0.76,
            "SHGC (-)": 0.67,
            "Shading Fraction (-)": 0.7
        },
        "Door": {
            "Interior Zone": "Indoor",
            "Exterior Zone": "Outdoor",
            "Area (m^2)": [
                1.8580607999999998
            ],
            "Azimuth (deg)": [
                315
            ],
            "Boundary R Value": 5.0
        },
        "Interior Wall": {
            "Area (m^2)": [
                114.08493311999999
            ],
            "Interior Zone": "Indoor",
            "Exterior Zone": "Indoor",
            "Insulation Level": "Standard"
        },
        "Indoor Furniture": {
            "Area (m^2)": [
                45.633973248
            ],
            "Interior Zone": "Indoor",
            "Exterior Zone": "Indoor",
            "Insulation Level": "Standard"
        }
    },
    "Zones": {
        "Indoor": {
            "Zone Area (m^2)": 114.08493311999999,
            "Volume (m^3)": 278.18470091980794,
            "ELA stack coefficient (L/s/cm^4/K)": 8.964385856299901e-05,
            "ELA wind coefficient (L/s/cm^4/(m/s))": 0.00011413577917306574,
            "Infiltration Method": "ASHRAE",
            "inf_f_t": 0.5254720692073672,
            "inf_sft": 0.2627360346036836,
            "inf_n_i": 0.65,
            "inf_c": 0.18062946663726218,
            "inf_Cs": 0.056860661976270405,
            "inf_Cw": 0.16323354494299264
        }
    },
    "Equipment": {
        "HVAC Heating": {
            "Equipment Name": "Furnace",
            "Fuel": "Natural gas",
            "Capacity (W)": 11178.02524888889,
            "EIR (-)": 1.081081081081081,
            "Rated Efficiency": "0.925 AFUE",
            "SHR (-)": null,
            "Conditioned Space Fraction (-)": 1.0,
            "Number of Speeds (-)": 1,
            "Rated Auxiliary Power (W)": 417.1671875,
            "Weekday Setpoints (C)": [15.000000000000057, 15.000000000000057, 15.000000000000057, 15.000000000000057, 15.000000000000057, 15.000000000000057, 15.000000000000057, 18.33333333333337, 18.33333333333337, 18.33333333333337, 18.33333333333337, 18.33333333333337, 18.33333333333337, 18.33333333333337, 18.33333333333337, 18.33333333333337, 18.33333333333337, 18.33333333333337, 18.33333333333337, 18.33333333333337, 18.33333333333337, 18.33333333333337, 15.000000000000057, 15.000000000000057],
            "Weekend Setpoints (C)": [15.000000000000057, 15.000000000000057, 15.000000000000057, 15.000000000000057, 15.000000000000057, 15.000000000000057, 15.000000000000057, 18.33333333333337, 18.33333333333337, 18.33333333333337, 18.33333333333337, 18.33333333333337, 18.33333333333337, 18.33333333333337, 18.33333333333337, 18.33333333333337, 18.33333333333337, 18.33333333333337, 18.33333333333337, 18.33333333333337, 18.33333333333337, 18.33333333333337, 15.000000000000057, 15.000000000000057]
        },
        "HVAC Cooling": {
            "Equipment Name": "central air conditioner",
            "Fuel": "Electricity",
            "Capacity (W)": 6257.654364444445,
            "EIR (-)": 0.262472396652952,
            "Rated Efficiency": "13.0 SEER",
            "SHR (-)": 0.73,
            "Conditioned Space Fraction (-)": 1.0,
            "Number of Speeds (-)": 1,
            "Rated Auxiliary Power (W)": 208.18200000000002,
            "Weekday Setpoints (C)": [22.222222222222285, 22.222222222222285, 22.222222222222285, 22.222222222222285, 22.222222222222285, 22.222222222222285, 22.222222222222285, 22.222222222222285, 22.222222222222285, 22.222222222222285, 22.222222222222285, 22.222222222222285, 22.222222222222285, 22.222222222222285, 22.222222222222285, 22.222222222222285, 22.222222222222285, 22.222222222222285, 22.222222222222285, 22.222222222222285, 22.222222222222285, 22.222222222222285, 22.222222222222285, 22.222222222222285],
            "Weekend Setpoints (C)": [22.222222222222285, 22.222222222222285, 22.222222222222285, 22.222222222222285, 22.222222222222285, 22.222222222222285, 22.222222222222285, 22.222222222222285, 22.222222222222285, 22.222222222222285, 22.222222222222285, 22.222222222222285, 22.222222222222285, 22.222222222222285, 22.222222222222285, 22.222222222222285, 22.222222222222285, 22.222222222222285, 22.222222222222285, 22.222222222222285, 22.222222222222285, 22.222222222222285, 22.222222222222285, 22.222222222222285]
        },
        "Water Heating": {
            "Equipment Name": "instantaneous water heater",
            "Fuel": "Natural gas",
            "Zone": "Indoor",
            "Setpoint Temperature (C)": 51.666666666666686,
            "UA (W/K)": 0.0,
            "Efficiency (-)": 0.7544,
            "Energy Factor (-)": 0.82,
            "Tank Volume (L)": null,
            "Tank Height (m)": 1.2191999999999998,
            "Parasitic Power (W)": 7.382,