{
    "Occupancy": {
        "Number of Occupants (-)": 1.0,
        "weekday_fractions": [0.035, 0.035, 0.035, 0.035, 0.035, 0.059, 0.082, 0.055, 0.027, 0.014, 0.014, 0.014, 0.014, 0.014, 0.019, 0.027, 0.041, 0.055, 0.068, 0.082, 0.082, 0.07, 0.053, 0.035],
        "weekend_fractions": [0.035, 0.035, 0.035, 0.035, 0.035, 0.059, 0.082, 0.055, 0.027, 0.014, 0.014, 0.014, 0.014, 0.014, 0.019, 0.027, 0.041, 0.055, 0.068, 0.082, 0.082, 0.07, 0.053, 0.035],
        "month_multipliers": [1.0, 1.0, 1.0, 1.0, 1.0, 1.0, 1.0, 1.0, 1.0, 1.0, 1.0, 1.0]
    },
    "Construction": {
        "Number of Bedrooms (-)": 1,
        "Number of Bathrooms (-)": 1,
        "House Type": "apartment unit",
        "Total Floors": 1.0,
        "Indoor Floors": 1.0,
        "Conditioned Floor Area (m^2)": 29.914778879999997,
        "Conditioned Volume (m^3)": 72.94419682099199,
        "Ceiling Height (m)": 2.4384,
        "Foundation Type": null,
        "First Floor Area (m^2)": 29.914778879999997,
        "Attic Floor Area (m^2)": 29.914778879999997,
        "Garage Floor Area (m^2)": 0,
        "Garage Protruded Area (m^2)": 0,
        "Indoor Floor Area (m^2)": 29.914778879999997,
        "Number of Bedrooms, Adjusted (-)": 0.21999999999999997
    },
    "Boundaries": {
        "Exterior Wall": {
            "Interior Zone": "Indoor",
            "Exterior Zone": "Outdoor",
            "Area (m^2)": [
                6.958437696,
                12.523329792
            ],
            "Azimuth (deg)": [
                90,
                0
            ],
            "Boundary R Value": 4.1,
            "Exterior Solar Absorptivity (-)": 0.85,
            "Exterior Emissivity (-)": 0.9,
            "Finish Type": "brick veneer",
            "Construction Type": "WoodStud"
        },
        "Adjacent Wall": {
            "Interior Zone": "Indoor",
            "Exterior Zone": "Indoor",
            "Area (m^2)": [
                17.893125503999997,
                9.940625279999999
            ],
            "Azimuth (deg)": [
                180,
                270
            ],
            "Boundary R Value": 4.0,
            "Construction Type": "WoodStud"
        },
        "Adjacent Ceiling": {
            "Interior Zone": "Indoor",
            "Exterior Zone": "Indoor",
            "Area (m^2)": [
                29.914778879999997
            ],
            "Boundary R Value": 2.1
        },
        "Adjacent Floor": {
            "Interior Zone": "Indoor",
            "Exterior Zone": "Indoor",
            "Area (m^2)": [
                29.914778879999997
            ],
            "Boundary R Value": 2.1
        },
        "Window": {
            "Interior Zone": "Indoor",
            "Exterior Zone": "Outdoor",
            "Area (m^2)": [
                2.982187584,
                5.369795711999999
            ],
            "Azimuth (deg)": [
                90,
                0
            ],
            "U Factor (W/m^2-K)": 0.29,
            "SHGC (-)": 0.26,
            "Shading Fraction (-)": 0.7
        },
        "Interior Wall": {
            "Area (m^2)": [
                29.914778879999997
            ],
            "Interior Zone": "Indoor",
            "Exterior Zone": "Indoor",
            "Insulation Level": "Standard"
        },
        "Indoor Furniture": {
            "Area (m^2)": [
                11.965911552
            ],
            "Interior Zone": "Indoor",
            "Exterior Zone": "Indoor",
            "Insulation Level": "Standard"
        }
    },
    "Zones": {
        "Indoor": {
            "Zone Area (m^2)": 29.914778879999997,
            "Volume (m^3)": 72.94419682099199,
            "ELA stack coefficient (L/s/cm^4/K)": 8.964385856299902e-05,
            "ELA wind coefficient (L/s/cm^4/(m/s))": 0.00011413577917306574,
            "Infiltration Method": "ASHRAE",
            "inf_f_t": 0.5254720692073672,
            "inf_sft": 0.2627360346036836,
            "inf_n_i": 0.65,
            "inf_c": 0.03157583510162782,
            "inf_Cs": 0.056860661976270405,
            "inf_Cw": 0.16323354494299264
        }
    },
    "Equipment": {
        "HVAC Heating": {
            "Equipment Name": "Boiler",
            "Fuel": "Electricity",
            "Capacity (W)": 1176.6805111111112,
            "EIR (-)": 1.0,
            "Rated Efficiency": "1.0 AFUE",
            "SHR (-)": null,
            "Conditioned Space Fraction (-)": 1.0,
            "Number of Speeds (-)": 1,
            "Rated Auxiliary Power (W)": 105.76923076923077,
            "Weekday Setpoints (C)": [17.77777777777783, 17.77777777777783, 17.77777777777783, 17.77777777777783, 17.77777777777783, 17.77777777777783, 17.77777777777783, 17.77777777777783, 21.111111111111143, 21.111111111111143, 21.111111111111143, 21.111111111111143, 21.111111111111143, 21.111111111111143, 21.111111111111143, 21.111111111111143, 21.111111111111143, 21.111111111111143, 21.111111111111143, 21.111111111111143, 21.111111111111143, 21.111111111111143, 21.111111111111143, 17.77777777777783],
            "Weekend Setpoints (C)": [17.77777777777783, 17.77777777777783, 17.77777777777783, 17.77777777777783, 17.77777777777783, 17.77777777777783, 17.77777777777783, 17.77777777777783, 21.111111111111143, 21.111111111111143, 21.111111111111143, 21.111111111111143, 21.111111111111143, 21.111111111111143, 21.111111111111143, 21.111111111111143, 21.111111111111143, 21.111111111111143, 21.111111111111143, 21.111111111111143, 21.111111111111143, 21.111111111111143, 21.111111111111143, 17.77777777777783]
        },
        "HVAC Cooling": {
            "Equipment Name": "room air conditioner",
            "Fuel": "Electricity",
            "Capacity (W)": 644.7564444444445,
            "EIR (-)": 0.3188916968680725,
            "Rated Efficiency": "10.7 EER",
            "SHR (-)": 0.65,
            "Conditioned Space Fraction (-)": 0.4,
            "Number of Speeds (-)": 1,
            "Rated Auxiliary Power (W)": 0,
            "Weekday Setpoints (C)": [20.000000000000057, 20.000000000000057, 20.000000000000057, 20.000000000000057, 20.000000000000057, 20.000000000000057, 20.000000000000057, 20.000000000000057, 20.000000000000057, 20.000000000000057, 20.000000000000057, 20.000000000000057, 20.000000000000057, 20.000000000000057, 20.000000000000057, 20.000000000000057, 20.000000000000057, 20.000000000000057, 20.000000000000057, 20.000000000000057, 20.000000000000057, 20.000000000000057, 20.000000000000057, 20.000000000000057],
            "Weekend Setpoints (C)": [20.000000000000057, 20.000000000000057, 20.000000000000057, 20.000000000000057, 20.000000000000057, 20.000000000000057, 20.000000000000057, 20.000000000000057, 20.000000000000057, 20.000000000000057, 20.000000000000057, 20.000000000000057, 20.000000000000057, 20.000000000000057, 20.000000000000057, 20.000000000000057, 20.000000000000057, 20.000000000000057, 20.000000000000057, 20.000000000000057, 20.000000000000057, 20.000000000000057, 20.000000000000057, 20.000000000000057]
        },
        "Water Heating": {
            "Equipment Name": "storage water heater",
            "Fuel": "Electricity",
            "Zone": "Indoor",
            "Setpoint Temperature (C)": 51.666666666666686,
            "UA (W/K)": 1.1635681296899638,
            "Efficiency (-)": 1.0,
            "Energy Factor (-)": 0.92,
            "Tank Volume (L)": 102.20611816799997,
            "Tank Height (m)": 1.2191999999999998,
            "Capacity (W)": 2499.896577777778,
            "weekday_fractions": [0.012, 0.006, 0.004, 0.005, 0.01, 0.034, 0.078, 0.086, 0.08, 0.067, 0.056, 0.047, 0.04, 0.035, 0.033, 0.031, 0.038, 0.051, 0.06, 0.06, 0.055, 0.048, 0.038, 0.026],
            "weekend_fractions": [0.012, 0.006, 0.004, 0.005, 0.01, 0.034, 0.078, 0.086, 0.08, 0.067, 0.056, 0.047, 0.04, 0.035, 0.033, 0.031, 0.038, 0.051, 0.06, 0.06, 0.055, 0.048, 0.038, 0.026],