{
    "Occupancy": {
        "Number of Occupants (-)": 2.0,
        "weekday_fractions": [0.035, 0.035, 0.035, 0.035, 0.035, 0.059, 0.082, 0.055, 0.027, 0.014, 0.014, 0.014, 0.014, 0.014, 0.019, 0.027, 0.041, 0.055, 0.068, 0.082, 0.082, 0.07, 0.053, 0.035],
        "weekend_fractions": [0.035, 0.035, 0.035, 0.035, 0.035, 0.059, 0.082, 0.055, 0.027, 0.014, 0.014, 0.014, 0.014, 0.014, 0.019, 0.027, 0.041, 0.055, 0.068, 0.082, 0.082, 0.07, 0.053, 0.035],
        "month_multipliers": [1.0, 1.0, 1.0, 1.0, 1.0, 1.0, 1.0, 1.0, 1.0, 1.0, 1.0, 1.0]
    },
    "Construction": {
        "Number of Bedrooms (-)": 1,
        "Number of Bathrooms (-)": 1,
        "House Type": "apartment unit",
        "Total Floors": 1.0,
        "Indoor Floors": 1.0,
        "Conditioned Floor Area (m^2)": 29.914778879999997,
        "Conditioned Volume (m^3)": 72.94419682099199,
        "Ceiling Height (m)": 2.4384,
        "Foundation Type": null,
        "First Floor Area (m^2)": 29.914778879999997,
        "Attic Floor Area (m^2)": 29.914778879999997,
        "Garage Floor Area (m^2)": 0,
        "Garage Protruded Area (m^2)": 0,
        "Indoor Floor Area (m^2)": 29.914778879999997,
        "Number of Bedrooms, Adjusted (-)": 1.91
    },
    "Boundaries": {
        "Exterior Wall": {
            "Interior Zone": "Indoor",
            "Exterior Zone": "Outdoor",
            "Area (m^2)": [
                6.958437696,
                12.523329792
            ],
            "Azimuth (deg)": [
                90,
                0
            ],
            "Boundary R Value": 4.8,
            "Exterior Solar Absorptivity (-)": 0.85,
            "Exterior Emissivity (-)": 0.9,
            "Finish Type": "wood siding",
            "Construction Type": "WoodStud"
        },
        "Adjacent Wall": {
            "Interior Zone": "Indoor",
            "Exterior Zone": "Indoor",
            "Area (m^2)": [
                17.893125503999997,
                9.940625279999999
            ],
            "Azimuth (deg)": [
                180,
                270
            ],
            "Boundary R Value": 4.0,
            "Construction Type": "WoodStud"
        },
        "Adjacent Ceiling": {
            "Interior Zone": "Indoor",
            "Exterior Zone": "Indoor",
            "Area (m^2)": [
                29.914778879999997
            ],
            "Boundary R Value": 2.1
        },
        "Adjacent Floor": {
            "Interior Zone": "Indoor",
            "Exterior Zone": "Indoor",
            "Area (m^2)": [
                29.914778879999997
            ],
            "Boundary R Value": 2.1
        },
        "Window": {
            "Interior Zone": "Indoor",
            "Exterior Zone": "Outdoor",
            "Area (m^2)": [
                2.982187584,
                5.369795711999999
            ],
            "Azimuth (deg)": [
                90,
                0
            ],
            "U Factor (W/m^2-K)": 0.76,
            "SHGC (-)": 0.67,
            "Shading Fraction (-)": 0.7
        },
        "Interior Wall": {
            "Area (m^2)": [
                29.914778879999997
            ],
            "Interior Zone": "Indoor",
            "Exterior Zone": "Indoor",
            "Insulation Level": "Standard"
        },
        "Indoor Furniture": {
            "Area (m^2)": [
                11.965911552
            ],
            "Interior Zone": "Indoor",
            "Exterior Zone": "Indoor",
            "Insulation Level": "Standard"
        }
    },
    "Zones": {
        "Indoor": {
            "Zone Area (m^2)": 29.914778879999997,
            "Volume (m^3)": 72.94419682099199,
            "ELA stack coefficient (L/s/cm^4/K)": 8.964385856299902e-05,
            "ELA wind coefficient (L/s/cm^4/(m/s))": 0.00011413577917306574,
            "Infiltration Method": "ASHRAE",
            "inf_f_t": 0.5254720692073672,
            "inf_sft": 0.2627360346036836,
            "inf_n_i": 0.65,
            "inf_c": 0.07893958775406955,
            "inf_Cs": 0.056860661976270405,
            "inf_Cw": 0.16323354494299264
        }
    },
    "Equipment": {
        "HVAC Heating": {
            "Equipment Name": "Boiler",
            "Fuel": "Natural gas",
            "Capacity (W)": 1979.6953555555556,
            "EIR (-)": 1.282051282051282,
            "Rated Efficiency": "0.78 AFUE",
            "SHR (-)": null,
            "Conditioned Space Fraction (-)": 1.0,
            "Number of Speeds (-)": 1,
            "Rated Auxiliary Power (W)": 210.57692307692307,
            "Weekday Setpoints (C)": [20.000000000000057, 20.000000000000057, 20.000000000000057, 20.000000000000057, 20.000000000000057, 20.000000000000057, 20.000000000000057, 20.000000000000057, 20.000000000000057, 20.000000000000057, 20.000000000000057, 20.000000000000057, 20.000000000000057, 20.000000000000057, 20.000000000000057, 20.000000000000057, 20.000000000000057, 20.000000000000057, 20.000000000000057, 20.000000000000057, 20.000000000000057, 20.000000000000057, 20.000000000000057, 20.000000000000057],
            "Weekend Setpoints (C)": [20.000000000000057, 20.000000000000057, 20.000000000000057, 20.000000000000057, 20.000000000000057, 20.000000000000057, 20.000000000000057, 20.000000000000057, 20.000000000000057, 20.000000000000057, 20.000000000000057, 20.000000000000057, 20.000000000000057, 20.000000000000057, 20.000000000000057, 20.000000000000057, 20.000000000000057, 20.000000000000057, 20.000000000000057, 20.000000000000057, 20.000000000000057, 20.000000000000057, 20.000000000000057, 20.000000000000057]
        },
        "HVAC Cooling": {
            "Equipment Name": "mini-split",
            "Fuel": "Electricity",
            "Capacity (W)": 2228.8058,
            "EIR (-)": 0.262472396652952,
            "Rated Efficiency": "13.0 SEER",
            "SHR (-)": 0.73,
            "Conditioned Space Fraction (-)": 1.0,
            "Number of Speeds (-)": 4,
            "Rated Auxiliary Power (W)": 13.841100000000003,
            "Weekday Setpoints (C)": [20.000000000000057, 20.000000000000057, 20.000000000000057, 20.000000000000057, 20.000000000000057, 20.000000000000057, 20.000000000000057, 20.000000000000057, 20.000000000000057, 20.000000000000057, 20.000000000000057, 20.000000000000057, 20.000000000000057, 20.000000000000057, 20.000000000000057, 20.000000000000057, 20.000000000000057, 20.000000000000057, 20.000000000000057, 20.000000000000057, 20.000000000000057, 20.000000000000057, 20.000000000000057, 20.000000000000057],
            "Weekend Setpoints (C)": [20.000000000000057, 20.000000000000057, 20.000000000000057, 20.000000000000057, 20.000000000000057, 20.000000000000057, 20.000000000000057, 20.000000000000057, 20.000000000000057, 20.000000000000057, 20.000000000000057, 20.000000000000057, 20.000000000000057, 20.000000000000057, 20.000000000000057, 20.000000000000057, 20.000000000000057, 20.000000000000057, 20.000000000000057, 20.000000000000057, 20.000000000000057, 20.000000000000057, 20.000000000000057, 20.000000000000057]
        },
        "Water Heating": {
            "Equipment Name": "storage water heater",
            "Fuel": "Natural gas",
            "Zone": "Adjacent",
            "Setpoint Temperature (C)": 51.666666666666686,
            "UA (W/K)": 2.364749386311648,
            "Efficiency (-)": 0.7884050611518902,
            "Energy Factor (-)": 0.67,
            "Tank Volume (L)": 107.88423584399997,
            "Tank Height (m)": 1.2191999999999998,
            "Capacity (W)": 10550.56,
            "weekday_fractions": [0.012, 0.006, 0.004, 0.005, 0.01, 0.034, 0.078, 0.086, 0.08, 0.067, 0.056, 0.047, 0.04, 0.035, 0.033, 0.031, 0.038, 0.051, 0.06, 0.06, 0.055, 0.048, 0.038, 0.026],
            "weekend_fractions": [0.012, 0.006, 0.004, 0.005, 0.01, 0.034, 0.078, 0.086, 0.08, 0.067, 0.056, 0.047, 0.04, 0.035, 0.033, 0.031, 0.038, 0.051, 0.06, 0.06, 0.055, 0.048, 0.038, 0.026],