{
    "Occupancy": {
        "Number of Occupants (-)": 4.0,
        "weekday_fractions": [0.035, 0.035, 0.035, 0.035, 0.035, 0.059, 0.082, 0.055, 0.027, 0.014, 0.014, 0.014, 0.014, 0.014, 0.019, 0.027, 0.041, 0.055, 0.068, 0.082, 0.082, 0.07, 0.053, 0.035],
        "weekend_fractions": [0.035, 0.035, 0.035, 0.035, 0.035, 0.059, 0.082, 0.055, 0.027, 0.014, 0.014, 0.014, 0.014, 0.014, 0.019, 0.027, 0.041, 0.055, 0.068, 0.082, 0.082, 0.07, 0.053, 0.035],
        "month_multipliers": [1.0, 1.0, 1.0, 1.0, 1.0, 1.0, 1.0, 1.0, 1.0, 1.0, 1.0, 1.0]
    },
    "Construction": {
        "Number of Bedrooms (-)": 2,
        "Number of Bathrooms (-)": 1,
        "House Type": "single-family detached",
        "Total Floors": 2.0,
        "Indoor Floors": 1.0,
        "Conditioned Floor Area (m^2)": 58.90052736,
        "Conditioned Volume (m^3)": 143.62304591462396,
        "Ceiling Height (m)": 2.4383999999999992,
        "Foundation Type": "Finished Basement",
        "First Floor Area (m^2)": 29.45026368,
        "Attic Floor Area (m^2)": 29.45026368,
        "Garage Floor Area (m^2)": 0,
        "Garage Protruded Area (m^2)": 0,
        "Indoor Floor Area (m^2)": 29.45026368,
        "Number of Bedrooms, Adjusted (-)": 3.68
    },
    "Boundaries": {
        "Exterior Wall": {
            "Interior Zone": "Indoor",
            "Exterior Zone": "Outdoor",
            "Area (m^2)": [
                14.557906367999998,
                8.091854783999999,
                12.699845567999997,
                8.091854783999999
            ],
            "Azimuth (deg)": [
                45,
                135,
                225,
                315
            ],
            "Boundary R Value": 4.8,
            "Exterior Solar Absorptivity (-)": 0.85,
            "Exterior Emissivity (-)": 0.9,
            "Finish Type": "wood siding",
            "Construction Type": "WoodStud"
        },
        "Attic Wall": {
            "Interior Zone": "Attic",
            "Exterior Zone": "Outdoor",
            "Area (m^2)": [
                2.04386688,
                2.04386688
            ],
            "Azimuth (deg)": [
                135,
                315
            ],
            "Boundary R Value": 4.0,
            "Exterior Solar Absorptivity (-)": 0.85,
            "Exterior Emissivity (-)": 0.9,
            "Finish Type": "wood siding",
            "Construction Type": "WoodStud"
        },
        "Foundation Wall": {
            "Interior Zone": "Foundation",
            "Exterior Zone": "Ground",
            "Area (m^2)": [
                17.753770944,
                9.866302848,
                17.753770944,
                9.866302848
            ],
            "Azimuth (deg)": [
                45,
                135,
                225,
                315
            ],
            "Insulation Details": "Uninsulated",
            "Height (m)": 2.4383999999999997,
            "Construction Type": "Finished Basement"
        },
        "Attic Floor": {
            "Interior Zone": "Indoor",
            "Exterior Zone": "Attic",
            "Area (m^2)": [
                29.45026368
            ],
            "Boundary R Value": 20.6
        },
        "Foundation Floor": {
            "Interior Zone": "Foundation",
            "Exterior Zone": "Ground",
            "Area (m^2)": [
                29.45026368
            ],
            "Insulation Details": "Uninsulated"
        },
        "Attic Roof": {
            "Interior Zone": "Attic",
            "Exterior Zone": "Outdoor",
            "Area (m^2)": [
                16.462418687999996,
                16.462418687999996
            ],
            "Azimuth (deg)": [
                45,
                225
            ],
            "Boundary R Value": 2.3,
            "Exterior Solar Absorptivity (-)": 0.85,
            "Exterior Emissivity (-)": 0.9,
            "Finish Type": "asphalt or fiberglass shingles",
            "Construction Type": "Pitched",
            "Tilt (deg)": 26.56505117707799,
            "Radiant Barrier": false
        },
        "Rim Joist": {
            "Interior Zone": "Foundation",
            "Exterior Zone": "Outdoor",
            "Area (m^2)": [
                1.7094159359999996,
                0.9476110079999999,
                1.7094159359999996,
                0.9476110079999999
            ],
            "Azimuth (deg)": [
                45,
                135,
                225,
                315
            ],
            "Boundary R Value": 3.9,
            "Exterior Solar Absorptivity (-)": 0.85,
            "Exterior Emissivity (-)": 0.9,
            "Finish Type": "wood siding"
        },
        "Window": {
            "Interior Zone": "Indoor",
            "Exterior Zone": "Outdoor",
            "Area (m^2)": [
                3.1958645759999995,
                1.774448064,
                3.1958645759999995,
                1.774448064
            ],
            "Azimuth (deg)": [
                45,
                135,
                225,
                315
            ],
            "U Factor (W/m^2-K)": 0.84,
            "SHGC (-)": 0.63,
            "Shading Fraction (-)": 0.7
        },
        "Door": {
            "Interior Zone": "Indoor",
            "Exterior Zone": "Outdoor",
            "Area (m^2)": [
                1.8580607999999998
            ],
            "Azimuth (deg)": [
                225
            ],
            "Boundary R Value": 5.0
        },
        "Interior Wall": {
            "Area (m^2)": [
                29.45026368
            ],
            "Interior Zone": "Indoor",
            "Exterior Zone": "Indoor",
            "Insulation Level": "Standard"
        },
        "Indoor Furniture": {
            "Area (m^2)": [
                11.780105472
            ],
            "Interior Zone": "Indoor",
            "Exterior Zone": "Indoor",
            "Insulation Level": "Standard"
        },
        "Foundation Furniture": {
            "Area (m^2)": [
                11.780105472
            ],
            "Interior Zone": "Foundation",
            "Exterior Zone": "Foundation",
            "Insulation Level": "Standard"
        }
    },
    "Zones": {
        "Indoor": {
            "Zone Area (m^2)": 29.45026368,
            "Volume (m^3)": 71.81152295731198,
            "ELA stack coefficient (L/s/cm^4/K)": 8.964385856299898e-05,
            "ELA wind coefficient (L/s/cm^4/(m/s))": 0.00011413577917306574,
            "Infiltration Method": "ASHRAE",
            "inf_f_t": 0.5488464442394946,
            "inf_sft": 0.38419251096764623,
            "inf_n_i": 0.65,
            "inf_c": 0.09325658130946601,
            "inf_Cs": 0.07461805998879097,
            "inf_Cw": 0.14935713017546387
        },
        "Attic": {
            "Zone Area (m^2)": 29.45026368,
            "Volume (m^3)": 14.885742329587304,
            "Vented": true,
            "Infiltration Method": "ELA",
            "ELA (cm^2)": 981.5772884544,
            "ELA stack coefficient (L/s/cm^4/K)": 7.026390679139031e-05,
            "ELA wind coefficient (L/s/cm^4/(m/s))": 5.203544253352874e-05
        },
        "Foundation": {
            "Zone Type": "Finished Basement",
            "Zone Area (m^2)": 29.45026368,
            "Volume (m^3)": 71.811522957312,
            "Vented": false,
            "Infiltration Method": null
        }
    },
    "Equipment": {
        "HVAC Heating": {
            "Equipment Name": "Furnace",
            "Fuel": "Natural gas",
            "Capacity (W)": 6940.216982222222,
            "EIR (-)": 1.081081081081081,
            "Rated Efficiency": "0.925 AFUE",
            "SHR (-)": null,
            "Conditioned Space Fraction (-)": 1.0,
            "Number of Speeds (-)": 1,
            "Rated Auxiliary Power (W)": 259.0109375,