{
    "Occupancy": {
        "Number of Occupants (-)": 2.0,
        "weekday_fractions": [0.035, 0.035, 0.035, 0.035, 0.035, 0.059, 0.082, 0.055, 0.027, 0.014, 0.014, 0.014, 0.014, 0.014, 0.019, 0.027, 0.041, 0.055, 0.068, 0.082, 0.082, 0.07, 0.053, 0.035],
        "weekend_fractions": [0.035, 0.035, 0.035, 0.035, 0.035, 0.059, 0.082, 0.055, 0.027, 0.014, 0.014, 0.014, 0.014, 0.014, 0.019, 0.027, 0.041, 0.055, 0.068, 0.082, 0.082, 0.07, 0.053, 0.035],
        "month_multipliers": [1.0, 1.0, 1.0, 1.0, 1.0, 1.0, 1.0, 1.0, 1.0, 1.0, 1.0, 1.0]
    },
    "Construction": {
        "Number of Bedrooms (-)": 2,
        "Number of Bathrooms (-)": 1,
        "House Type": "single-family detached",
        "Total Floors": 1.0,
        "Indoor Floors": 1.0,
        "Conditioned Floor Area (m^2)": 81.84757823999999,
        "Conditioned Volume (m^3)": 199.57713478041595,
        "Ceiling Height (m)": 2.4383999999999997,
        "Foundation Type": "Unfinished Basement",
        "First Floor Area (m^2)": 81.84757823999999,
        "Attic Floor Area (m^2)": 81.84757823999999,
        "Garage Floor Area (m^2)": 0,
        "Garage Protruded Area (m^2)": 0,
        "Indoor Floor Area (m^2)": 81.84757823999999,
        "Number of Bedrooms, Adjusted (-)": 1.5
    },
    "Boundaries": {
        "Exterior Wall": {
            "Interior Zone": "Indoor",
            "Exterior Zone": "Outdoor",
            "Area (m^2)": [
                24.275564352,
                13.480231103999998,
                22.417503552,
                13.480231103999998
            ],
            "Azimuth (deg)": [
                0,
                90,
                180,
                270
            ],
            "Boundary R Value": 4.8,
            "Exterior Solar Absorptivity (-)": 0.85,
            "Exterior Emissivity (-)": 0.9,
            "Finish Type": "wood siding",
            "Construction Type": "WoodStud"
        },
        "Foundation Wall": {
            "Interior Zone": "Foundation",
            "Exterior Zone": "Ground",
            "Area (m^2)": [
                29.598908544,
                16.44383808,
                29.598908544,
                16.44383808
            ],
            "Azimuth (deg)": [
                0,
                90,
                180,
                270
            ],
            "Insulation Details": "Uninsulated",
            "Height (m)": 2.4383999999999997,
            "Construction Type": "Unfinished Basement"
        },
        "Foundation Ceiling": {
            "Interior Zone": "Indoor",
            "Exterior Zone": "Foundation",
            "Area (m^2)": [
                81.84757823999999
            ],
            "Boundary R Value": 5.3
        },
        "Foundation Floor": {
            "Interior Zone": "Foundation",
            "Exterior Zone": "Ground",
            "Area (m^2)": [
                81.84757823999999
            ],
            "Insulation Details": "Uninsulated"
        },
        "Roof": {
            "Interior Zone": "Indoor",
            "Exterior Zone": "Outdoor",
            "Area (m^2)": [
                81.84757823999999
            ],
            "Boundary R Value": 29.7,
            "Exterior Solar Absorptivity (-)": 0.85,
            "Exterior Emissivity (-)": 0.9,
            "Finish Type": "asphalt or fiberglass shingles",
            "Construction Type": "Flat",
            "Tilt (deg)": 0.0,
            "Radiant Barrier": false
        },
        "Rim Joist": {
            "Interior Zone": "Foundation",
            "Exterior Zone": "Outdoor",
            "Area (m^2)": [
                2.852123328,
                1.588641984,
                2.852123328,
                1.588641984
            ],
            "Azimuth (deg)": [
                0,
                90,
                180,
                270
            ],
            "Boundary R Value": 3.9,
            "Exterior Solar Absorptivity (-)": 0.85,
            "Exterior Emissivity (-)": 0.9,
            "Finish Type": "wood siding"
        },
        "Window": {
            "Interior Zone": "Indoor",
            "Exterior Zone": "Outdoor",
            "Area (m^2)": [
                5.3233441919999995,
                2.9636069759999994,
                5.3233441919999995,
                2.9636069759999994
            ],
            "Azimuth (deg)": [
                0,
                90,
                180,
                270
            ],
            "U Factor (W/m^2-K)": 0.38,
            "SHGC (-)": 0.44,
            "Shading Fraction (-)": 0.7
        },
        "Door": {
            "Interior Zone": "Indoor",
            "Exterior Zone": "Outdoor",
            "Area (m^2)": [
                1.8580607999999998
            ],
            "Azimuth (deg)": [
                180
            ],
            "Boundary R Value": 5.0
        },
        "Interior Wall": {
            "Area (m^2)": [
                81.84757823999999
            ],
            "Interior Zone": "Indoor",
            "Exterior Zone": "Indoor",
            "Insulation Level": "Standard"
        },
        "Indoor Furniture": {
            "Area (m^2)": [
                32.739031296
            ],
            "Interior Zone": "Indoor",
            "Exterior Zone": "Indoor",
            "Insulation Level": "Standard"
        },
        "Foundation Furniture": {
            "Area (m^2)": [
                32.739031296
            ],
            "Interior Zone": "Foundation",
            "Exterior Zone": "Foundation",
            "Insulation Level": "Standard"
        }
    },
    "Zones": {
        "Indoor": {
            "Zone Area (m^2)": 81.84757823999999,
            "Volume (m^3)": 199.57713478041595,
            "ELA stack coefficient (L/s/cm^4/K)": 8.964385856299901e-05,
            "ELA wind coefficient (L/s/cm^4/(m/s))": 0.00011413577917306574,
            "Infiltration Method": "ASHRAE",
            "inf_f_t": 0.5254720692073672,
            "inf_sft": 0.2627360346036836,
            "inf_n_i": 0.65,
            "inf_c": 0.12958840399627686,
            "inf_Cs": 0.056860661976270405,
            "inf_Cw": 0.16323354494299264
        },
        "Foundation": {
            "Zone Type": "Unfinished Basement",
            "Zone Area (m^2)": 81.84757823999999,
            "Volume (m^3)": 199.57713478041595,
            "Vented": false,
            "Infiltration Method": null
        }
    },
    "Equipment": {
        "HVAC Heating": {
            "Equipment Name": "Boiler",
            "Fuel": "Propane",
            "Capacity (W)": 7200.7572,
            "EIR (-)": 1.25,
            "Rated Efficiency": "0.8 AFUE",
            "SHR (-)": null,
            "Conditioned Space Fraction (-)": 1.0,
            "Number of Speeds (-)": 1,
            "Rated Auxiliary Power (W)": 81.73076923076923,
            "Weekday Setpoints (C)": [22.222222222222285, 22.222222222222285, 20.5555555555556, 20.5555555555556, 20.5555555555556, 20.5555555555556, 20.5555555555556, 20.5555555555556, 20.5555555555556, 20.5555555555556, 20.5555555555556, 22.222222222222285, 22.222222222222285, 22.222222222222285, 22.222222222222285, 22.222222222222285, 22.222222222222285, 22.222222222222285, 22.222222222222285, 22.222222222222285, 22.222222222222285, 22.222222222222285, 22.222222222222285, 22.222222222222285],
            "Weekend Setpoints (C)": [22.222222222222285, 22.222222222222285, 20.5555555555556, 20.5555555555556, 20.5555555555556, 20.5555555555556, 20.5555555555556, 20.5555555555556, 20.5555555555556, 20.5555555555556, 20.5555555555556, 22.222222222222285, 22.222222222222285, 22.222222222222285, 22.222222222222285, 22.222222222222285, 22.222222222222285, 22.222222222222285, 22.222222222222285, 22.222222222222285, 22.222222222222285, 22.222222222222285, 22.222222222222285, 22.222222222222285]
        },
        "HVAC Cooling": {
            "Equipment Name": "room air conditioner",
            "Fuel": "Electricity",
            "Capacity (W)": 1994.05584,