{
    "Occupancy": {
        "Number of Occupants (-)": 1.0,
        "weekday_fractions": [0.035, 0.035, 0.035, 0.035, 0.035, 0.059, 0.082, 0.055, 0.027, 0.014, 0.014, 0.014, 0.014, 0.014, 0.019, 0.027, 0.041, 0.055, 0.068, 0.082, 0.082, 0.07, 0.053, 0.035],
        "weekend_fractions": [0.035, 0.035, 0.035, 0.035, 0.035, 0.059, 0.082, 0.055, 0.027, 0.014, 0.014, 0.014, 0.014, 0.014, 0.019, 0.027, 0.041, 0.055, 0.068, 0.082, 0.082, 0.07, 0.053, 0.035],
        "month_multipliers": [1.0, 1.0, 1.0, 1.0, 1.0, 1.0, 1.0, 1.0, 1.0, 1.0, 1.0, 1.0]
    },
    "Construction": {
        "Number of Bedrooms (-)": 1,
        "Number of Bathrooms (-)": 1,
        "House Type": "apartment unit",
        "Total Floors": 1.0,
        "Indoor Floors": 1.0,
        "Conditioned Floor Area (m^2)": 79.33919616,
        "Conditioned Volume (m^3)": 193.46069591654395,
        "Ceiling Height (m)": 2.4383999999999992,
        "Foundation Type": null,
        "First Floor Area (m^2)": 79.33919616,
        "Attic Floor Area (m^2)": 79.33919616,
        "Garage Floor Area (m^2)": 0,
        "Garage Protruded Area (m^2)": 0,
        "Indoor Floor Area (m^2)": 79.33919616,
        "Number of Bedrooms, Adjusted (-)": 0.21999999999999997
    },
    "Boundaries": {
        "Exterior Wall": {
            "Interior Zone": "Indoor",
            "Exterior Zone": "Outdoor",
            "Area (m^2)": [
                13.275844416
            ],
            "Azimuth (deg)": [
                270
            ],
            "Boundary R Value": 10.1,
            "Exterior Solar Absorptivity (-)": 0.85,
            "Exterior Emissivity (-)": 0.9,
            "Finish Type": "wood siding",
            "Construction Type": "WoodStud"
        },
        "Adjacent Wall": {
            "Interior Zone": "Indoor",
            "Exterior Zone": "Indoor",
            "Area (m^2)": [
                29.134393344,
                16.192999872,
                29.134393344
            ],
            "Azimuth (deg)": [
                0,
                90,
                180
            ],
            "Boundary R Value": 4.0,
            "Construction Type": "WoodStud"
        },
        "Adjacent Ceiling": {
            "Interior Zone": "Indoor",
            "Exterior Zone": "Indoor",
            "Area (m^2)": [
                79.33919616
            ],
            "Boundary R Value": 2.1
        },
        "Adjacent Floor": {
            "Interior Zone": "Indoor",
            "Exterior Zone": "Indoor",
            "Area (m^2)": [
                79.33919616
            ],
            "Boundary R Value": 2.1
        },
        "Window": {
            "Interior Zone": "Indoor",
            "Exterior Zone": "Outdoor",
            "Area (m^2)": [
                2.9171554559999997
            ],
            "Azimuth (deg)": [
                270
            ],
            "U Factor (W/m^2-K)": 1.16,
            "SHGC (-)": 0.76,
            "Shading Fraction (-)": 0.7
        },
        "Interior Wall": {
            "Area (m^2)": [
                79.33919616
            ],
            "Interior Zone": "Indoor",
            "Exterior Zone": "Indoor",
            "Insulation Level": "Standard"
        },
        "Indoor Furniture": {
            "Area (m^2)": [
                31.735678464000003
            ],
            "Interior Zone": "Indoor",
            "Exterior Zone": "Indoor",
            "Insulation Level": "Standard"
        }
    },
    "Zones": {
        "Indoor": {
            "Zone Area (m^2)": 79.33919616,
            "Volume (m^3)": 193.46069591654393,
            "ELA stack coefficient (L/s/cm^4/K)": 8.964385856299898e-05,
            "ELA wind coefficient (L/s/cm^4/(m/s))": 0.00011413577917306574,
            "Infiltration Method": "ASHRAE",
            "inf_f_t": 0.5254720692073672,
            "inf_sft": 0.2627360346036836,
            "inf_n_i": 0.65,
            "inf_c": 0.08374460613909984,
            "inf_Cs": 0.056860661976270405,
            "inf_Cw": 0.16323354494299264
        }
    },
    "Equipment": {
        "HVAC Heating": {
            "Equipment Name": "Furnace",
            "Fuel": "Electricity",
            "Capacity (W)": 753.7788977777778,
            "EIR (-)": 1.0,
            "Rated Efficiency": "1.0 AFUE",
            "SHR (-)": null,
            "Conditioned Space Fraction (-)": 1.0,
            "Number of Speeds (-)": 1,
            "Rated Auxiliary Power (W)": 28.13125,
            "Weekday Setpoints (C)": [20.000000000000057, 20.000000000000057, 20.000000000000057, 20.000000000000057, 20.000000000000057, 20.000000000000057, 20.000000000000057, 20.000000000000057, 20.000000000000057, 20.000000000000057, 20.000000000000057, 20.000000000000057, 20.000000000000057, 20.000000000000057, 20.000000000000057, 20.000000000000057, 20.000000000000057, 20.000000000000057, 20.000000000000057, 20.000000000000057, 20.000000000000057, 20.000000000000057, 20.000000000000057, 20.000000000000057],
            "Weekend Setpoints (C)": [20.000000000000057, 20.000000000000057, 20.000000000000057, 20.000000000000057, 20.000000000000057, 20.000000000000057, 20.000000000000057, 20.000000000000057, 20.000000000000057, 20.000000000000057, 20.000000000000057, 20.000000000000057, 20.000000000000057, 20.000000000000057, 20.000000000000057, 20.000000000000057, 20.000000000000057, 20.000000000000057, 20.000000000000057, 20.000000000000057, 20.000000000000057, 20.000000000000057, 20.000000000000057, 20.000000000000057]
        },
        "HVAC Cooling": {
            "Equipment Name": "central air conditioner",
            "Fuel": "Electricity",
            "Capacity (W)": 2123.5932711111113,
            "EIR (-)": 0.262472396652952,
            "Rated Efficiency": "13.0 SEER",
            "SHR (-)": 0.73,
            "Conditioned Space Fraction (-)": 1.0,
            "Number of Speeds (-)": 1,
            "Rated Auxiliary Power (W)": 70.64850000000001,
            "Weekday Setpoints (C)": [20.000000000000057, 20.000000000000057, 20.000000000000057, 20.000000000000057, 20.000000000000057, 20.000000000000057, 20.000000000000057, 20.000000000000057, 20.000000000000057, 20.000000000000057, 20.000000000000057, 20.000000000000057, 20.000000000000057, 20.000000000000057, 20.000000000000057, 20.000000000000057, 20.000000000000057, 20.000000000000057, 20.000000000000057, 20.000000000000057, 20.000000000000057, 20.000000000000057, 20.000000000000057, 20.000000000000057],
            "Weekend Setpoints (C)": [20.000000000000057, 20.000000000000057, 20.000000000000057, 20.000000000000057, 20.000000000000057, 20.000000000000057, 20.000000000000057, 20.000000000000057, 20.000000000000057, 20.000000000000057, 20.000000000000057, 20.000000000000057, 20.000000000000057, 20.000000000000057, 20.000000000000057, 20.000000000000057, 20.000000000000057, 20.000000000000057, 20.000000000000057, 20.000000000000057, 20.000000000000057, 20.000000000000057, 20.000000000000057, 20.000000000000057]
        },
        "Water Heating": {
            "Equipment Name": "storage water heater",
            "Fuel": "Electricity",
            "Zone": "Adjacent",
            "Setpoint Temperature (C)": 51.666666666666686,
            "UA (W/K)": 1.1635681296899638,
            "Efficiency (-)": 1.0,
            "Energy Factor (-)": 0.92,
            "Tank Volume (L)": 102.20611816799997,
            "Tank Height (m)": 1.2191999999999998,
            "Capacity (W)": 2499.896577777778,
            "weekday_fractions": [0.012, 0.006, 0.004, 0.005, 0.01, 0.034, 0.078, 0.086, 0.08, 0.067, 0.056, 0.047, 0.04, 0.035, 0.033, 0.031, 0.038, 0.051, 0.06, 0.06, 0.055, 0.048, 0.038, 0.026],
            "weekend_fractions": [0.012, 0.006, 0.004, 0.005, 0.01, 0.034, 0.078, 0.086, 0.08, 0.067, 0.056, 0.047, 0.04, 0.035, 0.033, 0.031, 0.038, 0.051, 0.06, 0.06, 0.055, 0.048, 0.038, 0.026],
            "month_multipliers": [1.0, 1.0, 1.0, 1.0, 1.0, 1.0, 1.0, 1.0, 1.0, 1.0, 1.0, 1.0],