{
    "Occupancy": {
        "Number of Occupants (-)": 1.0,
        "weekday_fractions": [0.035, 0.035, 0.035, 0.035, 0.035, 0.059, 0.082, 0.055, 0.027, 0.014, 0.014, 0.014, 0.014, 0.014, 0.019, 0.027, 0.041, 0.055, 0.068, 0.082, 0.082, 0.07, 0.053, 0.035],
        "weekend_fractions": [0.035, 0.035, 0.035, 0.035, 0.035, 0.059, 0.082, 0.055, 0.027, 0.014, 0.014, 0.014, 0.014, 0.014, 0.019, 0.027, 0.041, 0.055, 0.068, 0.082, 0.082, 0.07, 0.053, 0.035],
        "month_multipliers": [1.0, 1.0, 1.0, 1.0, 1.0, 1.0, 1.0, 1.0, 1.0, 1.0, 1.0, 1.0]
    },
    "Construction": {
        "Number of Bedrooms (-)": 3,
        "Number of Bathrooms (-)": 2,
        "House Type": "single-family detached",
        "Total Floors": 4.0,
        "Indoor Floors": 3.0,
        "Conditioned Floor Area (m^2)": 248.79434111999998,
        "Conditioned Volume (m^3)": 606.6601213870078,
        "Ceiling Height (m)": 2.4383999999999997,
        "Foundation Type": "Finished Basement",
        "First Floor Area (m^2)": 35.44250976,
        "Attic Floor Area (m^2)": 88.9546608,
        "Garage Floor Area (m^2)": 53.51215103999999,
        "Garage Protruded Area (m^2)": 26.756075519999996,
        "Indoor Floor Area (m^2)": 213.35183135999998,
        "Number of Bedrooms, Adjusted (-)": 0.41000000000000003
    },
    "Boundaries": {
        "Exterior Wall": {
            "Interior Zone": "Indoor",
            "Exterior Zone": "Outdoor",
            "Area (m^2)": [
                70.429794624,
                47.25977644799999,
                52.32299212799999,
                55.370211839999996
            ],
            "Azimuth (deg)": [
                225,
                315,
                45,
                135
            ],
            "Boundary R Value": 4.8,
            "Exterior Solar Absorptivity (-)": 0.85,
            "Exterior Emissivity (-)": 0.9,
            "Finish Type": "wood siding",
            "Construction Type": "WoodStud"
        },
        "Garage Attached Wall": {
            "Interior Zone": "Indoor",
            "Exterior Zone": "Garage",
            "Area (m^2)": [
                17.83738368,
                8.91869184
            ],
            "Azimuth (deg)": [
                45,
                315
            ],
            "Boundary R Value": 4.8,
            "Construction Type": "WoodStud",
            "Finish Type": "wood siding"
        },
        "Garage Wall": {
            "Interior Zone": "Garage",
            "Exterior Zone": "Outdoor",
            "Area (m^2)": [
                17.83738368,
                17.83738368,
                8.91869184
            ],
            "Azimuth (deg)": [
                315,
                45,
                135
            ],
            "Boundary R Value": 4.0,
            "Exterior Solar Absorptivity (-)": 0.85,
            "Exterior Emissivity (-)": 0.9,
            "Finish Type": "wood siding",
            "Construction Type": "WoodStud"
        },
        "Foundation Wall": {
            "Interior Zone": "Foundation",
            "Exterior Zone": "Ground",
            "Area (m^2)": [
                25.799174207999997,
                14.334939071999997,
                25.799174207999997,
                14.334939072
            ],
            "Azimuth (deg)": [
                225,
                315,
                45,
                135
            ],
            "Insulation Details": "Uninsulated",
            "Height (m)": 2.4383999999999997,
            "Construction Type": "Finished Basement"
        },
        "Garage Interior Ceiling": {
            "Interior Zone": "Indoor",
            "Exterior Zone": "Garage",
            "Area (m^2)": [
                53.51215103999999
            ],
            "Boundary R Value": 5.3
        },
        "Foundation Floor": {
            "Interior Zone": "Foundation",
            "Exterior Zone": "Ground",
            "Area (m^2)": [
                35.44250976
            ],
            "Insulation Details": "Uninsulated"
        },
        "Garage Floor": {
            "Interior Zone": "Garage",
            "Exterior Zone": "Ground",
            "Area (m^2)": [
                53.51215103999999
            ],
            "Insulation Details": "Uninsulated"
        },
        "Roof": {
            "Interior Zone": "Indoor",
            "Exterior Zone": "Outdoor",
            "Area (m^2)": [
                88.9546608
            ],
            "Boundary R Value": 36.5,
            "Exterior Solar Absorptivity (-)": 0.75,
            "Exterior Emissivity (-)": 0.9,
            "Finish Type": "slate or tile shingles",
            "Construction Type": "Flat",
            "Tilt (deg)": 0.0,
            "Radiant Barrier": false
        },
        "Rim Joist": {
            "Interior Zone": "Foundation",
            "Exterior Zone": "Outdoor",
            "Area (m^2)": [
                2.489801472,
                1.3842552959999999,
                2.489801472,
                1.3842552959999999
            ],
            "Azimuth (deg)": [
                225,
                315,
                45,
                135
            ],
            "Boundary R Value": 3.9,
            "Exterior Solar Absorptivity (-)": 0.85,
            "Exterior Emissivity (-)": 0.9,
            "Finish Type": "wood siding"
        },
        "Window": {
            "Interior Zone": "Indoor",
            "Exterior Zone": "Outdoor",
            "Area (m^2)": [
                6.967727999999999,
                4.663732607999999,
                5.379086016,
                5.471989056
            ],
            "Azimuth (deg)": [
                225,
                315,
                45,
                135
            ],
            "U Factor (W/m^2-K)": 0.76,
            "SHGC (-)": 0.67,
            "Shading Fraction (-)": 0.7
        },
        "Door": {
            "Interior Zone": "Indoor",
            "Exterior Zone": "Outdoor",
            "Area (m^2)": [
                1.8580607999999998
            ],
            "Azimuth (deg)": [
                45
            ],
            "Boundary R Value": 5.0
        },
        "Interior Wall": {
            "Area (m^2)": [
                213.35183135999998
            ],
            "Interior Zone": "Indoor",
            "Exterior Zone": "Indoor",
            "Insulation Level": "Standard"
        },
        "Indoor Furniture": {
            "Area (m^2)": [
                85.34073254399999
            ],
            "Interior Zone": "Indoor",
            "Exterior Zone": "Indoor",
            "Insulation Level": "Standard"
        },
        "Foundation Furniture": {
            "Area (m^2)": [
                14.177003904000001
            ],
            "Interior Zone": "Foundation",
            "Exterior Zone": "Foundation",
            "Insulation Level": "Standard"
        },
        "Garage Furniture": {
            "Area (m^2)": [
                5.351215104
            ],
            "Interior Zone": "Garage",
            "Exterior Zone": "Garage",
            "Insulation Level": "Standard"
        }
    },
    "Zones": {
        "Indoor": {
            "Zone Area (m^2)": 213.35183135999998,
            "Volume (m^3)": 520.2371055882239,
            "ELA stack coefficient (L/s/cm^4/K)": 0.000268931575688997,
            "ELA wind coefficient (L/s/cm^4/(m/s))": 0.00017712110373510295,
            "Infiltration Method": "ASHRAE",
            "inf_f_t": 0.6795803782001975,
            "inf_sft": 0.4757062647401383,
            "inf_n_i": 0.65,
            "inf_c": 0.39391344597279165,
            "inf_Cs": 0.12411460236981754,
            "inf_Cw": 0.14935713017546387
        },
        "Foundation": {
            "Zone Type": "Finished Basement",
            "Zone Area (m^2)": 35.44250976,
            "Volume (m^3)": 86.423015798784,
            "Vented": false,
            "Infiltration Method": null
        },
        "Garage": {
            "Zone Area (m^2)": 53.51215103999999,