{
    "Occupancy": {
        "Number of Occupants (-)": 3.0,
        "weekday_fractions": [0.035, 0.035, 0.035, 0.035, 0.035, 0.059, 0.082, 0.055, 0.027, 0.014, 0.014, 0.014, 0.014, 0.014, 0.019, 0.027, 0.041, 0.055, 0.068, 0.082, 0.082, 0.07, 0.053, 0.035],
        "weekend_fractions": [0.035, 0.035, 0.035, 0.035, 0.035, 0.059, 0.082, 0.055, 0.027, 0.014, 0.014, 0.014, 0.014, 0.014, 0.019, 0.027, 0.041, 0.055, 0.068, 0.082, 0.082, 0.07, 0.053, 0.035],
        "month_multipliers": [1.0, 1.0, 1.0, 1.0, 1.0, 1.0, 1.0, 1.0, 1.0, 1.0, 1.0, 1.0]
    },
    "Construction": {
        "Number of Bedrooms (-)": 2,
        "Number of Bathrooms (-)": 1,
        "House Type": "single-family detached",
        "Total Floors": 1.0,
        "Indoor Floors": 1.0,
        "Conditioned Floor Area (m^2)": 81.84757823999999,
        "Conditioned Volume (m^3)": 199.57713478041595,
        "Ceiling Height (m)": 2.4383999999999997,
        "Foundation Type": "Crawlspace",
        "First Floor Area (m^2)": 81.84757823999999,
        "Attic Floor Area (m^2)": 81.84757823999999,
        "Garage Floor Area (m^2)": 26.756075519999996,
        "Garage Protruded Area (m^2)": 13.378037759999998,
        "Indoor Floor Area (m^2)": 81.84757823999999,
        "Number of Bedrooms, Adjusted (-)": 2.5900000000000003
    },
    "Boundaries": {
        "Exterior Wall": {
            "Interior Zone": "Indoor",
            "Exterior Zone": "Outdoor",
            "Area (m^2)": [
                30.007681919999996,
                8.286951168,
                19.760476607999998,
                16.666805376
            ],
            "Azimuth (deg)": [
                315,
                45,
                135,
                225
            ],
            "Boundary R Value": 4.8,
            "Exterior Solar Absorptivity (-)": 0.85,
            "Exterior Emissivity (-)": 0.9,
            "Finish Type": "wood siding",
            "Construction Type": "WoodStud"
        },
        "Garage Attached Wall": {
            "Interior Zone": "Indoor",
            "Exterior Zone": "Garage",
            "Area (m^2)": [
                8.91869184,
                8.91869184
            ],
            "Azimuth (deg)": [
                135,
                45
            ],
            "Boundary R Value": 4.8,
            "Construction Type": "WoodStud",
            "Finish Type": "wood siding"
        },
        "Garage Wall": {
            "Interior Zone": "Garage",
            "Exterior Zone": "Outdoor",
            "Area (m^2)": [
                17.83738368,
                8.91869184,
                8.91869184
            ],
            "Azimuth (deg)": [
                45,
                135,
                225
            ],
            "Boundary R Value": 4.0,
            "Exterior Solar Absorptivity (-)": 0.85,
            "Exterior Emissivity (-)": 0.9,
            "Finish Type": "wood siding",
            "Construction Type": "WoodStud"
        },
        "Foundation Wall": {
            "Interior Zone": "Foundation",
            "Exterior Zone": "Ground",
            "Area (m^2)": [
                8.87224032,
                15.960742272,
                8.87224032,
                15.960742271999997
            ],
            "Azimuth (deg)": [
                225,
                315,
                45,
                135
            ],
            "Insulation Details": "Uninsulated",
            "Height (m)": 1.2191999999999998,
            "Construction Type": "Crawlspace"
        },
        "Foundation Ceiling": {
            "Interior Zone": "Indoor",
            "Exterior Zone": "Foundation",
            "Area (m^2)": [
                81.84757823999999
            ],
            "Boundary R Value": 5.3
        },
        "Foundation Floor": {
            "Interior Zone": "Foundation",
            "Exterior Zone": "Ground",
            "Area (m^2)": [
                81.84757823999999
            ],
            "Insulation Details": "Uninsulated"
        },
        "Garage Floor": {
            "Interior Zone": "Garage",
            "Exterior Zone": "Ground",
            "Area (m^2)": [
                26.756075519999996
            ],
            "Insulation Details": "Uninsulated"
        },
        "Roof": {
            "Interior Zone": "Indoor",
            "Exterior Zone": "Outdoor",
            "Area (m^2)": [
                81.84757823999999
            ],
            "Boundary R Value": 10.2,
            "Exterior Solar Absorptivity (-)": 0.85,
            "Exterior Emissivity (-)": 0.9,
            "Finish Type": "wood shingles or shakes",
            "Construction Type": "Flat",
            "Tilt (deg)": 0.0,
            "Radiant Barrier": false
        },
        "Garage Roof": {
            "Interior Zone": "Garage",
            "Exterior Zone": "Outdoor",
            "Area (m^2)": [
                26.756075519999996
            ],
            "Boundary R Value": 2.3,
            "Exterior Solar Absorptivity (-)": 0.85,
            "Exterior Emissivity (-)": 0.9,
            "Finish Type": "wood shingles or shakes",
            "Construction Type": "Flat",
            "Tilt (deg)": 0.0,
            "Radiant Barrier": false
        },
        "Rim Joist": {
            "Interior Zone": "Foundation",
            "Exterior Zone": "Outdoor",
            "Area (m^2)": [
                3.075090624,
                1.7094159359999996,
                3.075090624,
                1.7094159359999996
            ],
            "Azimuth (deg)": [
                315,
                45,
                135,
                225
            ],
            "Boundary R Value": 3.9,
            "Exterior Solar Absorptivity (-)": 0.85,
            "Exterior Emissivity (-)": 0.9,
            "Finish Type": "wood siding"
        },
        "Window": {
            "Interior Zone": "Indoor",
            "Exterior Zone": "Outdoor",
            "Area (m^2)": [
                1.913802624,
                0.5295473279999999,
                1.3842552959999999,
                1.06838496
            ],
            "Azimuth (deg)": [
                315,
                45,
                135,
                225
            ],
            "U Factor (W/m^2-K)": 0.49,
            "SHGC (-)": 0.56,
            "Shading Fraction (-)": 0.7
        },
        "Door": {
            "Interior Zone": "Indoor",
            "Exterior Zone": "Outdoor",
            "Area (m^2)": [
                1.8580607999999998
            ],
            "Azimuth (deg)": [
                135
            ],
            "Boundary R Value": 5.0
        },
        "Interior Wall": {
            "Area (m^2)": [
                81.84757823999999
            ],
            "Interior Zone": "Indoor",
            "Exterior Zone": "Indoor",
            "Insulation Level": "Standard"
        },
        "Indoor Furniture": {
            "Area (m^2)": [
                32.739031296
            ],
            "Interior Zone": "Indoor",
            "Exterior Zone": "Indoor",
            "Insulation Level": "Standard"
        },
        "Foundation Furniture": {
            "Area (m^2)": [
                32.739031296
            ],
            "Interior Zone": "Foundation",
            "Exterior Zone": "Foundation",
            "Insulation Level": "Standard"
        },
        "Garage Furniture": {
            "Area (m^2)": [
                2.675607552
            ],
            "Interior Zone": "Garage",
            "Exterior Zone": "Garage",
            "Insulation Level": "Standard"
        }
    },
    "Zones": {
        "Indoor": {
            "Zone Area (m^2)": 81.84757823999999,
            "Volume (m^3)": 199.57713478041595,
            "ELA stack coefficient (L/s/cm^4/K)": 8.964385856299901e-05,
            "ELA wind coefficient (L/s/cm^4/(m/s))": 0.00011413577917306574,
            "Infiltration Method": "ASHRAE",
            "inf_f_t": 0.5254720692073672,
            "inf_sft": 0.3678304484451571,