{
    "Occupancy": {
        "Number of Occupants (-)": 1.0,
        "weekday_fractions": [0.035, 0.035, 0.035, 0.035, 0.035, 0.059, 0.082, 0.055, 0.027, 0.014, 0.014, 0.014, 0.014, 0.014, 0.019, 0.027, 0.041, 0.055, 0.068, 0.082, 0.082, 0.07, 0.053, 0.035],
        "weekend_fractions": [0.035, 0.035, 0.035, 0.035, 0.035, 0.059, 0.082, 0.055, 0.027, 0.014, 0.014, 0.014, 0.014, 0.014, 0.019, 0.027, 0.041, 0.055, 0.068, 0.082, 0.082, 0.07, 0.053, 0.035],
        "month_multipliers": [1.0, 1.0, 1.0, 1.0, 1.0, 1.0, 1.0, 1.0, 1.0, 1.0, 1.0, 1.0]
    },
    "Construction": {
        "Number of Bedrooms (-)": 1,
        "Number of Bathrooms (-)": 1,
        "House Type": "apartment unit",
        "Total Floors": 1.0,
        "Indoor Floors": 1.0,
        "Conditioned Floor Area (m^2)": 29.914778879999997,
        "Conditioned Volume (m^3)": 72.94419682099199,
        "Ceiling Height (m)": 2.4384,
        "Foundation Type": null,
        "First Floor Area (m^2)": 29.914778879999997,
        "Attic Floor Area (m^2)": 29.914778879999997,
        "Garage Floor Area (m^2)": 0,
        "Garage Protruded Area (m^2)": 0,
        "Indoor Floor Area (m^2)": 29.914778879999997,
        "Number of Bedrooms, Adjusted (-)": 0.21999999999999997
    },
    "Boundaries": {
        "Exterior Wall": {
            "Interior Zone": "Indoor",
            "Exterior Zone": "Outdoor",
            "Area (m^2)": [
                9.048756096,
                16.285902911999997
            ],
            "Azimuth (deg)": [
                270,
                180
            ],
            "Boundary R Value": 11.700000000000001,
            "Exterior Solar Absorptivity (-)": 0.85,
            "Exterior Emissivity (-)": 0.9,
            "Finish Type": "wood siding",
            "Construction Type": "WoodStud"
        },
        "Adjacent Wall": {
            "Interior Zone": "Indoor",
            "Exterior Zone": "Indoor",
            "Area (m^2)": [
                17.893125503999997,
                9.940625279999999
            ],
            "Azimuth (deg)": [
                0,
                90
            ],
            "Boundary R Value": 4.0,
            "Construction Type": "WoodStud"
        },
        "Adjacent Floor": {
            "Interior Zone": "Indoor",
            "Exterior Zone": "Indoor",
            "Area (m^2)": [
                29.914778879999997
            ],
            "Boundary R Value": 2.1
        },
        "Roof": {
            "Interior Zone": "Indoor",
            "Exterior Zone": "Outdoor",
            "Area (m^2)": [
                29.914778879999997
            ],
            "Boundary R Value": 3.7,
            "Exterior Solar Absorptivity (-)": 0.85,
            "Exterior Emissivity (-)": 0.9,
            "Finish Type": "asphalt or fiberglass shingles",
            "Construction Type": "Flat",
            "Tilt (deg)": 0.0,
            "Radiant Barrier": false
        },
        "Window": {
            "Interior Zone": "Indoor",
            "Exterior Zone": "Outdoor",
            "Area (m^2)": [
                0.8918691839999999,
                1.6072225919999998
            ],
            "Azimuth (deg)": [
                270,
                180
            ],
            "U Factor (W/m^2-K)": 1.16,
            "SHGC (-)": 0.76,
            "Shading Fraction (-)": 0.7
        },
        "Interior Wall": {
            "Area (m^2)": [
                29.914778879999997
            ],
            "Interior Zone": "Indoor",
            "Exterior Zone": "Indoor",
            "Insulation Level": "Standard"
        },
        "Indoor Furniture": {
            "Area (m^2)": [
                11.965911552
            ],
            "Interior Zone": "Indoor",
            "Exterior Zone": "Indoor",
            "Insulation Level": "Standard"
        }
    },
    "Zones": {
        "Indoor": {
            "Zone Area (m^2)": 29.914778879999997,
            "Volume (m^3)": 72.94419682099199,
            "ELA stack coefficient (L/s/cm^4/K)": 8.964385856299902e-05,
            "ELA wind coefficient (L/s/cm^4/(m/s))": 0.00011413577917306574,
            "Infiltration Method": "ASHRAE",
            "inf_f_t": 0.5254720692073672,
            "inf_sft": 0.2627360346036836,
            "inf_n_i": 0.65,
            "inf_c": 0.023681876326220864,
            "inf_Cs": 0.056860661976270405,
            "inf_Cw": 0.16323354494299264
        }
    },
    "Equipment": {
        "HVAC Heating": {
            "Equipment Name": "ElectricResistance",
            "Fuel": "Electricity",
            "Capacity (W)": 1987.6082755555556,
            "EIR (-)": 1.0,
            "Rated Efficiency": "100.0 Percent",
            "SHR (-)": null,
            "Conditioned Space Fraction (-)": 1.0,
            "Number of Speeds (-)": 1,
            "Rated Auxiliary Power (W)": 0,
            "Weekday Setpoints (C)": [22.222222222222285, 22.222222222222285, 22.222222222222285, 22.222222222222285, 22.222222222222285, 22.222222222222285, 22.222222222222285, 22.222222222222285, 22.222222222222285, 20.5555555555556, 20.5555555555556, 20.5555555555556, 20.5555555555556, 20.5555555555556, 20.5555555555556, 20.5555555555556, 20.5555555555556, 22.222222222222285, 22.222222222222285, 22.222222222222285, 22.222222222222285, 22.222222222222285, 22.222222222222285, 22.222222222222285],
            "Weekend Setpoints (C)": [22.222222222222285, 22.222222222222285, 22.222222222222285, 22.222222222222285, 22.222222222222285, 22.222222222222285, 22.222222222222285, 22.222222222222285, 22.222222222222285, 22.222222222222285, 22.222222222222285, 22.222222222222285, 22.222222222222285, 22.222222222222285, 22.222222222222285, 22.222222222222285, 22.222222222222285, 22.222222222222285, 22.222222222222285, 22.222222222222285, 22.222222222222285, 22.222222222222285, 22.222222222222285, 22.222222222222285]
        },
        "HVAC Cooling": {
            "Equipment Name": "room air conditioner",
            "Fuel": "Electricity",
            "Capacity (W)": 495.5832488888889,
            "EIR (-)": 0.3188916968680725,
            "Rated Efficiency": "10.7 EER",
            "SHR (-)": 0.65,
            "Conditioned Space Fraction (-)": 0.2,
            "Number of Speeds (-)": 1,
            "Rated Auxiliary Power (W)": 0,
            "Weekday Setpoints (C)": [26.666666666666686, 26.666666666666686, 26.666666666666686, 26.666666666666686, 26.666666666666686, 26.666666666666686, 26.666666666666686, 26.666666666666686, 26.666666666666686, 26.666666666666686, 26.666666666666686, 26.666666666666686, 26.666666666666686, 26.666666666666686, 26.666666666666686, 26.666666666666686, 26.666666666666686, 26.666666666666686, 26.666666666666686, 26.666666666666686, 26.666666666666686, 26.666666666666686, 26.666666666666686, 26.666666666666686],
            "Weekend Setpoints (C)": [26.666666666666686, 26.666666666666686, 26.666666666666686, 26.666666666666686, 26.666666666666686, 26.666666666666686, 26.666666666666686, 26.666666666666686, 26.666666666666686, 26.666666666666686, 26.666666666666686, 26.666666666666686, 26.666666666666686, 26.666666666666686, 26.666666666666686, 26.666666666666686, 26.666666666666686, 26.666666666666686, 26.666666666666686, 26.666666666666686, 26.666666666666686, 26.666666666666686, 26.666666666666686, 26.666666666666686]
        },
        "Water Heating": {
            "Equipment Name": "storage water heater",
            "Fuel": "Electricity",
            "Zone": "Adjacent",
            "Setpoint Temperature (C)": 51.666666666666686,
            "UA (W/K)": 1.1635681296899638,
            "Efficiency (-)": 1.0,
            "Energy Factor (-)": 0.92,
            "Tank Volume (L)": 102.20611816799997,
            "Tank Height (m)": 1.2191999999999998,
            "Capacity (W)": 2499.896577777778,