{
    "Occupancy": {
        "Number of Occupants (-)": 1.0,
        "weekday_fractions": [0.035, 0.035, 0.035, 0.035, 0.035, 0.059, 0.082, 0.055, 0.027, 0.014, 0.014, 0.014, 0.014, 0.014, 0.019, 0.027, 0.041, 0.055, 0.068, 0.082, 0.082, 0.07, 0.053, 0.035],
        "weekend_fractions": [0.035, 0.035, 0.035, 0.035, 0.035, 0.059, 0.082, 0.055, 0.027, 0.014, 0.014, 0.014, 0.014, 0.014, 0.019, 0.027, 0.041, 0.055, 0.068, 0.082, 0.082, 0.07, 0.053, 0.035],
        "month_multipliers": [1.0, 1.0, 1.0, 1.0, 1.0, 1.0, 1.0, 1.0, 1.0, 1.0, 1.0, 1.0]
    },
    "Construction": {
        "Number of Bedrooms (-)": 3,
        "Number of Bathrooms (-)": 2,
        "House Type": "single-family detached",
        "Total Floors": 1.0,
        "Indoor Floors": 1.0,
        "Conditioned Floor Area (m^2)": 81.84757823999999,
        "Conditioned Volume (m^3)": 199.57713478041595,
        "Ceiling Height (m)": 2.4383999999999997,
        "Foundation Type": null,
        "First Floor Area (m^2)": 81.84757823999999,
        "Attic Floor Area (m^2)": 81.84757823999999,
        "Garage Floor Area (m^2)": 0,
        "Garage Protruded Area (m^2)": 0,
        "Indoor Floor Area (m^2)": 81.84757823999999,
        "Number of Bedrooms, Adjusted (-)": 0.41000000000000003
    },
    "Boundaries": {
        "Exterior Wall": {
            "Interior Zone": "Indoor",
            "Exterior Zone": "Outdoor",
            "Area (m^2)": [
                26.932591296000002,
                14.966679743999999,
                25.074530496,
                14.966679743999999
            ],
            "Azimuth (deg)": [
                225,
                315,
                45,
                135
            ],
            "Boundary R Value": 4.8,
            "Exterior Solar Absorptivity (-)": 0.85,
            "Exterior Emissivity (-)": 0.9,
            "Finish Type": "wood siding",
            "Construction Type": "WoodStud"
        },
        "Attic Wall": {
            "Interior Zone": "Attic",
            "Exterior Zone": "Outdoor",
            "Area (m^2)": [
                5.685666048,
                5.685666048
            ],
            "Azimuth (deg)": [
                315,
                135
            ],
            "Boundary R Value": 4.0,
            "Exterior Solar Absorptivity (-)": 0.85,
            "Exterior Emissivity (-)": 0.9,
            "Finish Type": "wood siding",
            "Construction Type": "WoodStud"
        },
        "Attic Floor": {
            "Interior Zone": "Indoor",
            "Exterior Zone": "Attic",
            "Area (m^2)": [
                81.84757823999999
            ],
            "Boundary R Value": 39.6
        },
        "Floor": {
            "Interior Zone": "Indoor",
            "Exterior Zone": "Ground",
            "Area (m^2)": [
                81.84757823999999
            ],
            "Insulation Details": "Uninsulated"
        },
        "Attic Roof": {
            "Interior Zone": "Attic",
            "Exterior Zone": "Outdoor",
            "Area (m^2)": [
                45.7547472,
                45.7547472
            ],
            "Azimuth (deg)": [
                225,
                45
            ],
            "Boundary R Value": 2.3,
            "Exterior Solar Absorptivity (-)": 0.75,
            "Exterior Emissivity (-)": 0.9,
            "Finish Type": "slate or tile shingles",
            "Construction Type": "Pitched",
            "Tilt (deg)": 26.56505117707799,
            "Radiant Barrier": false
        },
        "Window": {
            "Interior Zone": "Indoor",
            "Exterior Zone": "Outdoor",
            "Area (m^2)": [
                2.666317248,
                1.477158336,
                2.666317248,
                1.477158336
            ],
            "Azimuth (deg)": [
                225,
                315,
                45,
                135
            ],
            "U Factor (W/m^2-K)": 0.55,
            "SHGC (-)": 0.51,
            "Shading Fraction (-)": 0.7
        },
        "Door": {
            "Interior Zone": "Indoor",
            "Exterior Zone": "Outdoor",
            "Area (m^2)": [
                1.8580607999999998
            ],
            "Azimuth (deg)": [
                45
            ],
            "Boundary R Value": 5.0
        },
        "Interior Wall": {
            "Area (m^2)": [
                81.84757823999999
            ],
            "Interior Zone": "Indoor",
            "Exterior Zone": "Indoor",
            "Insulation Level": "Standard"
        },
        "Indoor Furniture": {
            "Area (m^2)": [
                32.739031296
            ],
            "Interior Zone": "Indoor",
            "Exterior Zone": "Indoor",
            "Insulation Level": "Standard"
        }
    },
    "Zones": {
        "Indoor": {
            "Zone Area (m^2)": 81.84757823999999,
            "Volume (m^3)": 199.57713478041595,
            "ELA stack coefficient (L/s/cm^4/K)": 8.964385856299901e-05,
            "ELA wind coefficient (L/s/cm^4/(m/s))": 0.00011413577917306574,
            "Infiltration Method": "ASHRAE",
            "inf_f_t": 0.5254720692073672,
            "inf_sft": 0.2627360346036836,
            "inf_n_i": 0.65,
            "inf_c": 0.10799033666356407,
            "inf_Cs": 0.056860661976270405,
            "inf_Cw": 0.16323354494299264
        },
        "Attic": {
            "Zone Area (m^2)": 81.84757823999999,
            "Volume (m^3)": 69.00038500376922,
            "Vented": true,
            "Infiltration Method": "ELA",
            "ELA (cm^2)": 2727.9797827392,
            "ELA stack coefficient (L/s/cm^4/K)": 0.00011719164874303859,
            "ELA wind coefficient (L/s/cm^4/(m/s))": 5.589253049045821e-05
        }
    },
    "Equipment": {
        "HVAC Heating": {
            "Equipment Name": "WallFurnace",
            "Fuel": "Electricity",
            "Capacity (W)": 7610.470613333334,
            "EIR (-)": 1.0,
            "Rated Efficiency": "1.0 AFUE",
            "SHR (-)": null,
            "Conditioned Space Fraction (-)": 1.0,
            "Number of Speeds (-)": 1,
            "Rated Auxiliary Power (W)": 0.0,
            "Weekday Setpoints (C)": [21.111111111111143, 21.111111111111143, 19.444444444444457, 19.444444444444457, 19.444444444444457, 19.444444444444457, 19.444444444444457, 19.444444444444457, 19.444444444444457, 19.444444444444457, 19.444444444444457, 21.111111111111143, 21.111111111111143, 21.111111111111143, 21.111111111111143, 21.111111111111143, 21.111111111111143, 21.111111111111143, 21.111111111111143, 21.111111111111143, 21.111111111111143, 21.111111111111143, 21.111111111111143, 21.111111111111143],
            "Weekend Setpoints (C)": [21.111111111111143, 21.111111111111143, 19.444444444444457, 19.444444444444457, 19.444444444444457, 19.444444444444457, 19.444444444444457, 19.444444444444457, 19.444444444444457, 19.444444444444457, 19.444444444444457, 21.111111111111143, 21.111111111111143, 21.111111111111143, 21.111111111111143, 21.111111111111143, 21.111111111111143, 21.111111111111143, 21.111111111111143, 21.111111111111143, 21.111111111111143, 21.111111111111143, 21.111111111111143, 21.111111111111143]
        },
        "Water Heating": {
            "Equipment Name": "storage water heater",
            "Fuel": "Electricity",
            "Zone": "Indoor",
            "Setpoint Temperature (C)": 51.666666666666686,
            "UA (W/K)": 0.7042649206018199,
            "Efficiency (-)": 1.0,
            "Energy Factor (-)": 0.95,
            "Tank Volume (L)": 170.34353027999995,
            "Tank Height (m)": 1.2191999999999998,
            "Capacity (W)": 5500.065542222223,
            "weekday_fractions": [0.012, 0.006, 0.004, 0.005, 0.01, 0.034, 0.078, 0.086, 0.08, 0.067, 0.056, 0.047, 0.04, 0.035, 0.033, 0.031, 0.038, 0.051, 0.06, 0.06, 0.055, 0.048, 0.038, 0.026],