{
    "Occupancy": {
        "Number of Occupants (-)": 6.0,
        "weekday_fractions": [0.035, 0.035, 0.035, 0.035, 0.035, 0.059, 0.082, 0.055, 0.027, 0.014, 0.014, 0.014, 0.014, 0.014, 0.019, 0.027, 0.041, 0.055, 0.068, 0.082, 0.082, 0.07, 0.053, 0.035],
        "weekend_fractions": [0.035, 0.035, 0.035, 0.035, 0.035, 0.059, 0.082, 0.055, 0.027, 0.014, 0.014, 0.014, 0.014, 0.014, 0.019, 0.027, 0.041, 0.055, 0.068, 0.082, 0.082, 0.07, 0.053, 0.035],
        "month_multipliers": [1.0, 1.0, 1.0, 1.0, 1.0, 1.0, 1.0, 1.0, 1.0, 1.0, 1.0, 1.0]
    },
    "Construction": {
        "Number of Bedrooms (-)": 1,
        "Number of Bathrooms (-)": 1,
        "House Type": "single-family detached",
        "Total Floors": 1.0,
        "Indoor Floors": 1.0,
        "Conditioned Floor Area (m^2)": 81.84757823999999,
        "Conditioned Volume (m^3)": 199.57713478041595,
        "Ceiling Height (m)": 2.4383999999999997,
        "Foundation Type": "Crawlspace",
        "First Floor Area (m^2)": 81.84757823999999,
        "Attic Floor Area (m^2)": 81.84757823999999,
        "Garage Floor Area (m^2)": 0,
        "Garage Protruded Area (m^2)": 0,
        "Indoor Floor Area (m^2)": 81.84757823999999,
        "Number of Bedrooms, Adjusted (-)": 5.860000000000001
    },
    "Boundaries": {
        "Exterior Wall": {
            "Interior Zone": "Indoor",
            "Exterior Zone": "Outdoor",
            "Area (m^2)": [
                26.932591296000002,
                14.966679743999999,
                25.074530496,
                14.966679743999999
            ],
            "Azimuth (deg)": [
                180,
                270,
                0,
                90
            ],
            "Boundary R Value": 3.6,
            "Exterior Solar Absorptivity (-)": 0.5,
            "Exterior Emissivity (-)": 0.9,
            "Finish Type": "fiber cement siding",
            "Construction Type": "WoodStud"
        },
        "Attic Wall": {
            "Interior Zone": "Attic",
            "Exterior Zone": "Outdoor",
            "Area (m^2)": [
                5.685666048,
                5.685666048
            ],
            "Azimuth (deg)": [
                270,
                90
            ],
            "Boundary R Value": 4.0,
            "Exterior Solar Absorptivity (-)": 0.5,
            "Exterior Emissivity (-)": 0.9,
            "Finish Type": "fiber cement siding",
            "Construction Type": "WoodStud"
        },
        "Foundation Wall": {
            "Interior Zone": "Foundation",
            "Exterior Zone": "Ground",
            "Area (m^2)": [
                14.799454272,
                8.22191904,
                14.799454272,
                8.22191904
            ],
            "Azimuth (deg)": [
                180,
                270,
                0,
                90
            ],
            "Insulation Details": "Uninsulated",
            "Height (m)": 1.2191999999999998,
            "Construction Type": "Crawlspace"
        },
        "Attic Floor": {
            "Interior Zone": "Indoor",
            "Exterior Zone": "Attic",
            "Area (m^2)": [
                81.84757823999999
            ],
            "Boundary R Value": 20.6
        },
        "Foundation Ceiling": {
            "Interior Zone": "Indoor",
            "Exterior Zone": "Foundation",
            "Area (m^2)": [
                81.84757823999999
            ],
            "Boundary R Value": 5.3
        },
        "Foundation Floor": {
            "Interior Zone": "Foundation",
            "Exterior Zone": "Ground",
            "Area (m^2)": [
                81.84757823999999
            ],
            "Insulation Details": "Uninsulated"
        },
        "Attic Roof": {
            "Interior Zone": "Attic",
            "Exterior Zone": "Outdoor",
            "Area (m^2)": [
                45.7547472,
                45.7547472
            ],
            "Azimuth (deg)": [
                180,
                0
            ],
            "Boundary R Value": 2.3,
            "Exterior Solar Absorptivity (-)": 0.85,
            "Exterior Emissivity (-)": 0.9,
            "Finish Type": "asphalt or fiberglass shingles",
            "Construction Type": "Pitched",
            "Tilt (deg)": 26.56505117707799,
            "Radiant Barrier": false
        },
        "Rim Joist": {
            "Interior Zone": "Foundation",
            "Exterior Zone": "Outdoor",
            "Area (m^2)": [
                2.852123328,
                1.588641984,
                2.852123328,
                1.588641984
            ],
            "Azimuth (deg)": [
                180,
                270,
                0,
                90
            ],
            "Boundary R Value": 2.7,
            "Exterior Solar Absorptivity (-)": 0.5,
            "Exterior Emissivity (-)": 0.9,
            "Finish Type": "fiber cement siding"
        },
        "Window": {
            "Interior Zone": "Indoor",
            "Exterior Zone": "Outdoor",
            "Area (m^2)": [
                2.666317248,
                1.477158336,
                2.666317248,
                1.477158336
            ],
            "Azimuth (deg)": [
                180,
                270,
                0,
                90
            ],
            "U Factor (W/m^2-K)": 0.49,
            "SHGC (-)": 0.56,
            "Shading Fraction (-)": 0.7
        },
        "Door": {
            "Interior Zone": "Indoor",
            "Exterior Zone": "Outdoor",
            "Area (m^2)": [
                1.8580607999999998
            ],
            "Azimuth (deg)": [
                0
            ],
            "Boundary R Value": 5.0
        },
        "Interior Wall": {
            "Area (m^2)": [
                81.84757823999999
            ],
            "Interior Zone": "Indoor",
            "Exterior Zone": "Indoor",
            "Insulation Level": "Standard"
        },
        "Indoor Furniture": {
            "Area (m^2)": [
                32.739031296
            ],
            "Interior Zone": "Indoor",
            "Exterior Zone": "Indoor",
            "Insulation Level": "Standard"
        },
        "Foundation Furniture": {
            "Area (m^2)": [
                32.739031296
            ],
            "Interior Zone": "Foundation",
            "Exterior Zone": "Foundation",
            "Insulation Level": "Standard"
        }
    },
    "Zones": {
        "Indoor": {
            "Zone Area (m^2)": 81.84757823999999,
            "Volume (m^3)": 199.57713478041595,
            "ELA stack coefficient (L/s/cm^4/K)": 8.964385856299901e-05,
            "ELA wind coefficient (L/s/cm^4/(m/s))": 0.00011413577917306574,
            "Infiltration Method": "ASHRAE",
            "inf_f_t": 0.5254720692073672,
            "inf_sft": 0.2627360346036836,
            "inf_n_i": 0.65,
            "inf_c": 0.08639226933085124,
            "inf_Cs": 0.05549283942636408,
            "inf_Cw": 0.10156623432739614
        },
        "Attic": {
            "Zone Area (m^2)": 81.84757823999999,
            "Volume (m^3)": 69.00038500376922,
            "Vented": true,
            "Infiltration Method": "ELA",
            "ELA (cm^2)": 2727.9797827392,
            "ELA stack coefficient (L/s/cm^4/K)": 0.00011719164874303859,
            "ELA wind coefficient (L/s/cm^4/(m/s))": 5.589253049045821e-05
        },
        "Foundation": {
            "Zone Type": "Crawlspace",
            "Zone Area (m^2)": 81.84757823999999,
            "Volume (m^3)": 99.78856739020797,
            "Vented": true,
            "Infiltration Method": "ELA",
            "ELA (cm^2)": 5456.7780412608,
            "ELA stack coefficient (L/s/cm^4/K)": 4.4821929281499506e-05,
            "ELA wind coefficient (L/s/cm^4/(m/s))": 8.64987456620941e-05
        }
    },
    "Equipment": {
        "HVAC Heating": {
            "Equipment Name": "Furnace",
            "Fuel": "Natural gas",