{
    "Occupancy": {
        "Number of Occupants (-)": 2.0,
        "weekday_fractions": [0.035, 0.035, 0.035, 0.035, 0.035, 0.059, 0.082, 0.055, 0.027, 0.014, 0.014, 0.014, 0.014, 0.014, 0.019, 0.027, 0.041, 0.055, 0.068, 0.082, 0.082, 0.07, 0.053, 0.035],
        "weekend_fractions": [0.035, 0.035, 0.035, 0.035, 0.035, 0.059, 0.082, 0.055, 0.027, 0.014, 0.014, 0.014, 0.014, 0.014, 0.019, 0.027, 0.041, 0.055, 0.068, 0.082, 0.082, 0.07, 0.053, 0.035],
        "month_multipliers": [1.0, 1.0, 1.0, 1.0, 1.0, 1.0, 1.0, 1.0, 1.0, 1.0, 1.0, 1.0]
    },
    "Construction": {
        "Number of Bedrooms (-)": 2,
        "Number of Bathrooms (-)": 1,
        "House Type": "single-family detached",
        "Total Floors": 1.0,
        "Indoor Floors": 1.0,
        "Conditioned Floor Area (m^2)": 114.08493311999999,
        "Conditioned Volume (m^3)": 278.18470091980794,
        "Ceiling Height (m)": 2.4383999999999997,
        "Foundation Type": null,
        "First Floor Area (m^2)": 114.08493311999999,
        "Attic Floor Area (m^2)": 114.08493311999999,
        "Garage Floor Area (m^2)": 0,
        "Garage Protruded Area (m^2)": 0,
        "Indoor Floor Area (m^2)": 114.08493311999999,
        "Number of Bedrooms, Adjusted (-)": 1.5
    },
    "Boundaries": {
        "Exterior Wall": {
            "Interior Zone": "Indoor",
            "Exterior Zone": "Outdoor",
            "Area (m^2)": [
                31.791420288,
                17.670158207999997,
                29.933359488,
                17.670158207999997
            ],
            "Azimuth (deg)": [
                90,
                180,
                270,
                0
            ],
            "Boundary R Value": 4.8,
            "Exterior Solar Absorptivity (-)": 0.85,
            "Exterior Emissivity (-)": 0.9,
            "Finish Type": "wood siding",
            "Construction Type": "WoodStud"
        },
        "Attic Wall": {
            "Interior Zone": "Attic",
            "Exterior Zone": "Outdoor",
            "Area (m^2)": [
                7.924629311999999,
                7.924629311999999
            ],
            "Azimuth (deg)": [
                180,
                0
            ],
            "Boundary R Value": 4.0,
            "Exterior Solar Absorptivity (-)": 0.85,
            "Exterior Emissivity (-)": 0.9,
            "Finish Type": "wood siding",
            "Construction Type": "WoodStud"
        },
        "Attic Floor": {
            "Interior Zone": "Indoor",
            "Exterior Zone": "Attic",
            "Area (m^2)": [
                114.08493311999999
            ],
            "Boundary R Value": 39.6
        },
        "Floor": {
            "Interior Zone": "Indoor",
            "Exterior Zone": "Ground",
            "Area (m^2)": [
                114.08493311999999
            ],
            "Insulation Details": "Uninsulated"
        },
        "Attic Roof": {
            "Interior Zone": "Attic",
            "Exterior Zone": "Outdoor",
            "Area (m^2)": [
                63.77793696,
                63.77793696
            ],
            "Azimuth (deg)": [
                90,
                270
            ],
            "Boundary R Value": 2.3,
            "Exterior Solar Absorptivity (-)": 0.85,
            "Exterior Emissivity (-)": 0.9,
            "Finish Type": "asphalt or fiberglass shingles",
            "Construction Type": "Pitched",
            "Tilt (deg)": 26.56505117707799,
            "Radiant Barrier": false
        },
        "Window": {
            "Interior Zone": "Indoor",
            "Exterior Zone": "Outdoor",
            "Area (m^2)": [
                3.1494130559999998,
                1.746577152,
                3.1494130559999998,
                1.746577152
            ],
            "Azimuth (deg)": [
                90,
                180,
                270,
                0
            ],
            "U Factor (W/m^2-K)": 1.16,
            "SHGC (-)": 0.76,
            "Shading Fraction (-)": 0.7
        },
        "Door": {
            "Interior Zone": "Indoor",
            "Exterior Zone": "Outdoor",
            "Area (m^2)": [
                1.8580607999999998
            ],
            "Azimuth (deg)": [
                270
            ],
            "Boundary R Value": 5.0
        },
        "Interior Wall": {
            "Area (m^2)": [
                114.08493311999999
            ],
            "Interior Zone": "Indoor",
            "Exterior Zone": "Indoor",
            "Insulation Level": "Standard"
        },
        "Indoor Furniture": {
            "Area (m^2)": [
                45.633973248
            ],
            "Interior Zone": "Indoor",
            "Exterior Zone": "Indoor",
            "Insulation Level": "Standard"
        }
    },
    "Zones": {
        "Indoor": {
            "Zone Area (m^2)": 114.08493311999999,
            "Volume (m^3)": 278.18470091980794,
            "ELA stack coefficient (L/s/cm^4/K)": 8.964385856299901e-05,
            "ELA wind coefficient (L/s/cm^4/(m/s))": 0.00011413577917306574,
            "Infiltration Method": "ASHRAE",
            "inf_f_t": 0.5254720692073672,
            "inf_sft": 0.2627360346036836,
            "inf_n_i": 0.65,
            "inf_c": 0.24083928884968298,
            "inf_Cs": 0.056860661976270405,
            "inf_Cw": 0.16323354494299264
        },
        "Attic": {
            "Zone Area (m^2)": 114.08493311999999,
            "Volume (m^3)": 113.5462450834358,
            "Vented": true,
            "Infiltration Method": "ELA",
            "ELA (cm^2)": 3802.4508208895995,
            "ELA stack coefficient (L/s/cm^4/K)": 0.00013835519436553633,
            "ELA wind coefficient (L/s/cm^4/(m/s))": 5.750784073492515e-05
        }
    },
    "Equipment": {
        "HVAC Heating": {
            "Equipment Name": "Furnace",
            "Fuel": "Natural gas",
            "Capacity (W)": 17197.11972888889,
            "EIR (-)": 1.25,
            "Rated Efficiency": "0.8 AFUE",
            "SHR (-)": null,
            "Conditioned Space Fraction (-)": 1.0,
            "Number of Speeds (-)": 1,
            "Rated Auxiliary Power (W)": 855.7354166666668,
            "Weekday Setpoints (C)": [21.111111111111143, 21.111111111111143, 21.111111111111143, 21.111111111111143, 21.111111111111143, 21.111111111111143, 21.111111111111143, 21.111111111111143, 21.111111111111143, 21.111111111111143, 21.111111111111143, 21.111111111111143, 21.111111111111143, 21.111111111111143, 21.111111111111143, 21.111111111111143, 21.111111111111143, 21.111111111111143, 21.111111111111143, 21.111111111111143, 21.111111111111143, 21.111111111111143, 21.111111111111143, 21.111111111111143],
            "Weekend Setpoints (C)": [21.111111111111143, 21.111111111111143, 21.111111111111143, 21.111111111111143, 21.111111111111143, 21.111111111111143, 21.111111111111143, 21.111111111111143, 21.111111111111143, 21.111111111111143, 21.111111111111143, 21.111111111111143, 21.111111111111143, 21.111111111111143, 21.111111111111143, 21.111111111111143, 21.111111111111143, 21.111111111111143, 21.111111111111143, 21.111111111111143, 21.111111111111143, 21.111111111111143, 21.111111111111143, 21.111111111111143],
            "Ducts": {
                "Zone": "Attic",
                "Supply Leakage (-)": 0.133,
                "Supply Area (ft^2)": 331.56,
                "Supply R Value": 4.0,
                "Return Leakage (-)": 0.067,
                "Return Area (ft^2)": 61.400000000000006,
                "Return R Value": 4.0
            }
        },
        "HVAC Cooling": {
            "Equipment Name": "room air conditioner",
            "Fuel": "Electricity",
            "Capacity (W)": 2428.3872266666667,
            "EIR (-)": 0.3188916968680725,
            "Rated Efficiency": "10.7 EER",
            "SHR (-)": 0.65,
            "Conditioned Space Fraction (-)": 0.4,
            "Number of Speeds (-)": 1,