{
    "Occupancy": {
        "Number of Occupants (-)": 3.0,
        "weekday_fractions": [0.035, 0.035, 0.035, 0.035, 0.035, 0.059, 0.082, 0.055, 0.027, 0.014, 0.014, 0.014, 0.014, 0.014, 0.019, 0.027, 0.041, 0.055, 0.068, 0.082, 0.082, 0.07, 0.053, 0.035],
        "weekend_fractions": [0.035, 0.035, 0.035, 0.035, 0.035, 0.059, 0.082, 0.055, 0.027, 0.014, 0.014, 0.014, 0.014, 0.014, 0.019, 0.027, 0.041, 0.055, 0.068, 0.082, 0.082, 0.07, 0.053, 0.035],
        "month_multipliers": [1.0, 1.0, 1.0, 1.0, 1.0, 1.0, 1.0, 1.0, 1.0, 1.0, 1.0, 1.0]
    },
    "Construction": {
        "Number of Bedrooms (-)": 4,
        "Number of Bathrooms (-)": 2,
        "House Type": "single-family detached",
        "Total Floors": 2.0,
        "Indoor Floors": 2.0,
        "Conditioned Floor Area (m^2)": 202.43572415999998,
        "Conditioned Volume (m^3)": 493.6192697917439,
        "Ceiling Height (m)": 2.4383999999999997,
        "Foundation Type": "Crawlspace",
        "First Floor Area (m^2)": 101.21786207999999,
        "Attic Floor Area (m^2)": 101.21786207999999,
        "Garage Floor Area (m^2)": 0,
        "Garage Protruded Area (m^2)": 0,
        "Indoor Floor Area (m^2)": 202.43572415999998,
        "Number of Bedrooms, Adjusted (-)": 2.5900000000000003
    },
    "Boundaries": {
        "Exterior Wall": {
            "Interior Zone": "Indoor",
            "Exterior Zone": "Outdoor",
            "Area (m^2)": [
                59.894589888,
                33.277868928000004,
                58.03652908799999,
                33.277868928000004
            ],
            "Azimuth (deg)": [
                90,
                180,
                270,
                0
            ],
            "Boundary R Value": 4.1,
            "Exterior Solar Absorptivity (-)": 0.5,
            "Exterior Emissivity (-)": 0.9,
            "Finish Type": "brick veneer",
            "Construction Type": "WoodStud"
        },
        "Foundation Wall": {
            "Interior Zone": "Foundation",
            "Exterior Zone": "Ground",
            "Area (m^2)": [
                16.453128384,
                9.141659136,
                16.453128384,
                9.141659136
            ],
            "Azimuth (deg)": [
                90,
                180,
                270,
                0
            ],
            "Insulation Details": "Uninsulated",
            "Height (m)": 1.2191999999999998,
            "Construction Type": "Crawlspace"
        },
        "Foundation Ceiling": {
            "Interior Zone": "Indoor",
            "Exterior Zone": "Foundation",
            "Area (m^2)": [
                101.21786207999999
            ],
            "Boundary R Value": 5.3
        },
        "Foundation Floor": {
            "Interior Zone": "Foundation",
            "Exterior Zone": "Ground",
            "Area (m^2)": [
                101.21786207999999
            ],
            "Insulation Details": "Uninsulated"
        },
        "Roof": {
            "Interior Zone": "Indoor",
            "Exterior Zone": "Outdoor",
            "Area (m^2)": [
                101.21786207999999
            ],
            "Boundary R Value": 36.5,
            "Exterior Solar Absorptivity (-)": 0.85,
            "Exterior Emissivity (-)": 0.9,
            "Finish Type": "asphalt or fiberglass shingles",
            "Construction Type": "Flat",
            "Tilt (deg)": 0.0,
            "Radiant Barrier": false
        },
        "Rim Joist": {
            "Interior Zone": "Foundation",
            "Exterior Zone": "Outdoor",
            "Area (m^2)": [
                3.167993664,
                1.76515776,
                3.167993664,
                1.76515776
            ],
            "Azimuth (deg)": [
                90,
                180,
                270,
                0
            ],
            "Boundary R Value": 3.2,
            "Exterior Solar Absorptivity (-)": 0.5,
            "Exterior Emissivity (-)": 0.9,
            "Finish Type": "brick veneer"
        },
        "Window": {
            "Interior Zone": "Indoor",
            "Exterior Zone": "Outdoor",
            "Area (m^2)": [
                3.2887676159999994,
                5.927213951999999,
                3.2887676159999994,
                5.927213952
            ],
            "Azimuth (deg)": [
                0,
                90,
                180,
                270
            ],
            "U Factor (W/m^2-K)": 0.49,
            "SHGC (-)": 0.56,
            "Shading Fraction (-)": 0.7
        },
        "Door": {
            "Interior Zone": "Indoor",
            "Exterior Zone": "Outdoor",
            "Area (m^2)": [
                1.8580607999999998
            ],
            "Azimuth (deg)": [
                270
            ],
            "Boundary R Value": 5.0
        },
        "Interior Wall": {
            "Area (m^2)": [
                202.43572415999998
            ],
            "Interior Zone": "Indoor",
            "Exterior Zone": "Indoor",
            "Insulation Level": "Standard"
        },
        "Indoor Furniture": {
            "Area (m^2)": [
                80.974289664
            ],
            "Interior Zone": "Indoor",
            "Exterior Zone": "Indoor",
            "Insulation Level": "Standard"
        },
        "Foundation Furniture": {
            "Area (m^2)": [
                40.487144832
            ],
            "Interior Zone": "Foundation",
            "Exterior Zone": "Foundation",
            "Insulation Level": "Standard"
        }
    },
    "Zones": {
        "Indoor": {
            "Zone Area (m^2)": 202.43572415999998,
            "Volume (m^3)": 493.6192697917439,
            "ELA stack coefficient (L/s/cm^4/K)": 0.00017928771712599802,
            "ELA wind coefficient (L/s/cm^4/(m/s))": 0.0001506030635210884,
            "Infiltration Method": "ASHRAE",
            "inf_f_t": 0.6120349677568974,
            "inf_sft": 0.4284244774298282,
            "inf_n_i": 0.65,
            "inf_c": 0.3205143386014612,
            "inf_Cs": 0.10302223122863119,
            "inf_Cw": 0.12734327359265907
        },
        "Foundation": {
            "Zone Type": "Crawlspace",
            "Zone Area (m^2)": 101.21786207999999,
            "Volume (m^3)": 123.40481744793597,
            "Vented": true,
            "Infiltration Method": "ELA",
            "ELA (cm^2)": 6748.1948648736,
            "ELA stack coefficient (L/s/cm^4/K)": 4.4821929281499506e-05,
            "ELA wind coefficient (L/s/cm^4/(m/s))": 8.64987456620941e-05
        }
    },
    "Equipment": {
        "HVAC Heating": {
            "Equipment Name": "Furnace",
            "Fuel": "Fuel oil",
            "Capacity (W)": 29383.01652888889,
            "EIR (-)": 1.25,
            "Rated Efficiency": "0.8 AFUE",
            "SHR (-)": null,
            "Conditioned Space Fraction (-)": 1.0,
            "Number of Speeds (-)": 1,
            "Rated Auxiliary Power (W)": 1462.1104166666669,
            "Weekday Setpoints (C)": [19.444444444444457, 17.77777777777783, 17.77777777777783, 17.77777777777783, 17.77777777777783, 17.77777777777783, 17.77777777777783, 17.77777777777783, 17.77777777777783, 17.77777777777783, 19.444444444444457, 19.444444444444457, 19.444444444444457, 19.444444444444457, 19.444444444444457, 19.444444444444457, 19.444444444444457, 19.444444444444457, 19.444444444444457, 19.444444444444457, 19.444444444444457, 19.444444444444457, 19.444444444444457, 19.444444444444457],