{
    "Occupancy": {
        "Number of Occupants (-)": 2.0,
        "weekday_fractions": [0.035, 0.035, 0.035, 0.035, 0.035, 0.059, 0.082, 0.055, 0.027, 0.014, 0.014, 0.014, 0.014, 0.014, 0.019, 0.027, 0.041, 0.055, 0.068, 0.082, 0.082, 0.07, 0.053, 0.035],
        "weekend_fractions": [0.035, 0.035, 0.035, 0.035, 0.035, 0.059, 0.082, 0.055, 0.027, 0.014, 0.014, 0.014, 0.014, 0.014, 0.019, 0.027, 0.041, 0.055, 0.068, 0.082, 0.082, 0.07, 0.053, 0.035],
        "month_multipliers": [1.0, 1.0, 1.0, 1.0, 1.0, 1.0, 1.0, 1.0, 1.0, 1.0, 1.0, 1.0]
    },
    "Construction": {
        "Number of Bedrooms (-)": 2,
        "Number of Bathrooms (-)": 1,
        "House Type": "single-family attached",
        "Total Floors": 1.0,
        "Indoor Floors": 1.0,
        "Conditioned Floor Area (m^2)": 81.01145088,
        "Conditioned Volume (m^3)": 197.53832182579197,
        "Ceiling Height (m)": 2.4383999999999997,
        "Foundation Type": "Crawlspace",
        "First Floor Area (m^2)": 81.01145088,
        "Attic Floor Area (m^2)": 81.01145088,
        "Garage Floor Area (m^2)": 0,
        "Garage Protruded Area (m^2)": 0,
        "Indoor Floor Area (m^2)": 81.01145088,
        "Number of Bedrooms, Adjusted (-)": 1.91
    },
    "Boundaries": {
        "Exterior Wall": {
            "Interior Zone": "Indoor",
            "Exterior Zone": "Outdoor",
            "Area (m^2)": [
                13.907585087999998,
                12.049524287999997
            ],
            "Azimuth (deg)": [
                0,
                180
            ],
            "Boundary R Value": 9.299999999999999,
            "Exterior Solar Absorptivity (-)": 0.7,
            "Exterior Emissivity (-)": 0.9,
            "Finish Type": "composite shingle siding",
            "Construction Type": "WoodStud"
        },
        "Adjacent Wall": {
            "Interior Zone": "Indoor",
            "Exterior Zone": "Indoor",
            "Area (m^2)": [
                29.440973375999995,
                29.440973375999995
            ],
            "Azimuth (deg)": [
                90,
                270
            ],
            "Boundary R Value": 4.0,
            "Construction Type": "WoodStud"
        },
        "Foundation Wall": {
            "Interior Zone": "Foundation",
            "Exterior Zone": "Ground",
            "Area (m^2)": [
                8.17546752,
                8.17546752
            ],
            "Azimuth (deg)": [
                0,
                180
            ],
            "Insulation Details": "Uninsulated",
            "Height (m)": 1.2191999999999998,
            "Construction Type": "Crawlspace"
        },
        "Adjacent Foundation Wall": {
            "Interior Zone": "Foundation",
            "Exterior Zone": "Foundation",
            "Area (m^2)": [
                14.72513184,
                14.72513184
            ],
            "Azimuth (deg)": [
                90,
                270
            ],
            "Construction Type": "Crawlspace"
        },
        "Foundation Ceiling": {
            "Interior Zone": "Indoor",
            "Exterior Zone": "Foundation",
            "Area (m^2)": [
                81.01145088
            ],
            "Boundary R Value": 5.3
        },
        "Foundation Floor": {
            "Interior Zone": "Foundation",
            "Exterior Zone": "Ground",
            "Area (m^2)": [
                81.01145088
            ],
            "Insulation Details": "Uninsulated"
        },
        "Roof": {
            "Interior Zone": "Indoor",
            "Exterior Zone": "Outdoor",
            "Area (m^2)": [
                81.01145088
            ],
            "Boundary R Value": 29.7,
            "Exterior Solar Absorptivity (-)": 0.85,
            "Exterior Emissivity (-)": 0.9,
            "Finish Type": "asphalt or fiberglass shingles",
            "Construction Type": "Flat",
            "Tilt (deg)": 0.0,
            "Radiant Barrier": false
        },
        "Rim Joist": {
            "Interior Zone": "Foundation",
            "Exterior Zone": "Outdoor",
            "Area (m^2)": [
                1.5793516799999998,
                1.5793516799999998
            ],
            "Azimuth (deg)": [
                0,
                180
            ],
            "Boundary R Value": 3.1,
            "Exterior Solar Absorptivity (-)": 0.7,
            "Exterior Emissivity (-)": 0.9,
            "Finish Type": "composite shingle siding"
        },
        "Adjacent Rim Joist": {
            "Interior Zone": "Foundation",
            "Exterior Zone": "Foundation",
            "Area (m^2)": [
                2.8335427199999996,
                2.8335427199999996
            ],
            "Azimuth (deg)": [
                90,
                270
            ],
            "Boundary R Value": 4.0
        },
        "Window": {
            "Interior Zone": "Indoor",
            "Exterior Zone": "Outdoor",
            "Area (m^2)": [
                2.4526402559999996,
                2.4526402559999996
            ],
            "Azimuth (deg)": [
                0,
                180
            ],
            "U Factor (W/m^2-K)": 0.49,
            "SHGC (-)": 0.56,
            "Shading Fraction (-)": 0.7
        },
        "Door": {
            "Interior Zone": "Indoor",
            "Exterior Zone": "Outdoor",
            "Area (m^2)": [
                1.8580607999999998
            ],
            "Azimuth (deg)": [
                180
            ],
            "Boundary R Value": 5.0
        },
        "Interior Wall": {
            "Area (m^2)": [
                81.01145088
            ],
            "Interior Zone": "Indoor",
            "Exterior Zone": "Indoor",
            "Insulation Level": "Standard"
        },
        "Indoor Furniture": {
            "Area (m^2)": [
                32.404580352
            ],
            "Interior Zone": "Indoor",
            "Exterior Zone": "Indoor",
            "Insulation Level": "Standard"
        },
        "Foundation Furniture": {
            "Area (m^2)": [
                32.404580352
            ],
            "Interior Zone": "Foundation",
            "Exterior Zone": "Foundation",
            "Insulation Level": "Standard"
        }
    },
    "Zones": {
        "Indoor": {
            "Zone Area (m^2)": 81.01145088,
            "Volume (m^3)": 197.53832182579197,
            "ELA stack coefficient (L/s/cm^4/K)": 8.964385856299901e-05,
            "ELA wind coefficient (L/s/cm^4/(m/s))": 0.00011413577917306574,
            "Infiltration Method": "ASHRAE",
            "inf_f_t": 0.5254720692073672,
            "inf_sft": 0.2627360346036836,
            "inf_n_i": 0.65,
            "inf_c": 0.08550971493360078,
            "inf_Cs": 0.05549283942636408,
            "inf_Cw": 0.10156623432739614
        },
        "Foundation": {
            "Zone Type": "Crawlspace",
            "Zone Area (m^2)": 81.01145088,
            "Volume (m^3)": 98.76916091289598,
            "Vented": true,
            "Infiltration Method": "ELA",
            "ELA (cm^2)": 5401.0334301696,
            "ELA stack coefficient (L/s/cm^4/K)": 4.4821929281499506e-05,
            "ELA wind coefficient (L/s/cm^4/(m/s))": 8.64987456620941e-05
        }
    },
    "Equipment": {
        "HVAC Heating": {
            "Equipment Name": "air-to-air",
            "Fuel": "Electricity",
            "Capacity (W)": 4310.782973333334,
            "EIR (-)": 0.40142837135157367,
            "Rated Efficiency": "8.5 HSPF",
            "SHR (-)": null,
            "Conditioned Space Fraction (-)": 1.0,
            "Number of Speeds (-)": 1,
            "Rated Auxiliary Power (W)": 214.50625000000002,