{
    "Occupancy": {
        "Number of Occupants (-)": 2.0,
        "weekday_fractions": [0.035, 0.035, 0.035, 0.035, 0.035, 0.059, 0.082, 0.055, 0.027, 0.014, 0.014, 0.014, 0.014, 0.014, 0.019, 0.027, 0.041, 0.055, 0.068, 0.082, 0.082, 0.07, 0.053, 0.035],
        "weekend_fractions": [0.035, 0.035, 0.035, 0.035, 0.035, 0.059, 0.082, 0.055, 0.027, 0.014, 0.014, 0.014, 0.014, 0.014, 0.019, 0.027, 0.041, 0.055, 0.068, 0.082, 0.082, 0.07, 0.053, 0.035],
        "month_multipliers": [1.0, 1.0, 1.0, 1.0, 1.0, 1.0, 1.0, 1.0, 1.0, 1.0, 1.0, 1.0]
    },
    "Construction": {
        "Number of Bedrooms (-)": 2,
        "Number of Bathrooms (-)": 1,
        "House Type": "apartment unit",
        "Total Floors": 1.0,
        "Indoor Floors": 1.0,
        "Conditioned Floor Area (m^2)": 105.72365952,
        "Conditioned Volume (m^3)": 257.79657137356793,
        "Ceiling Height (m)": 2.4383999999999992,
        "Foundation Type": "Crawlspace",
        "First Floor Area (m^2)": 105.72365952,
        "Attic Floor Area (m^2)": 105.72365952,
        "Garage Floor Area (m^2)": 0,
        "Garage Protruded Area (m^2)": 0,
        "Indoor Floor Area (m^2)": 105.72365952,
        "Number of Bedrooms, Adjusted (-)": 1.91
    },
    "Boundaries": {
        "Exterior Wall": {
            "Interior Zone": "Indoor",
            "Exterior Zone": "Outdoor",
            "Area (m^2)": [
                13.090038335999997
            ],
            "Azimuth (deg)": [
                180
            ],
            "Boundary R Value": 16.0,
            "Exterior Solar Absorptivity (-)": 0.7,
            "Exterior Emissivity (-)": 0.9,
            "Finish Type": "composite shingle siding",
            "Construction Type": "WoodStud"
        },
        "Adjacent Wall": {
            "Interior Zone": "Indoor",
            "Exterior Zone": "Indoor",
            "Area (m^2)": [
                33.640190784,
                18.692091647999998,
                33.640190784
            ],
            "Azimuth (deg)": [
                270,
                0,
                90
            ],
            "Boundary R Value": 4.0,
            "Construction Type": "WoodStud"
        },
        "Foundation Wall": {
            "Interior Zone": "Foundation",
            "Exterior Zone": "Ground",
            "Area (m^2)": [
                9.346045823999999
            ],
            "Azimuth (deg)": [
                180
            ],
            "Insulation Details": "Uninsulated",
            "Height (m)": 1.2191999999999998,
            "Construction Type": "Crawlspace"
        },
        "Adjacent Foundation Wall": {
            "Interior Zone": "Foundation",
            "Exterior Zone": "Foundation",
            "Area (m^2)": [
                16.815450239999997,
                9.346045823999999,
                16.815450239999997
            ],
            "Azimuth (deg)": [
                270,
                0,
                90
            ],
            "Construction Type": "Crawlspace"
        },
        "Foundation Ceiling": {
            "Interior Zone": "Indoor",
            "Exterior Zone": "Foundation",
            "Area (m^2)": [
                105.72365952
            ],
            "Boundary R Value": 5.3
        },
        "Adjacent Ceiling": {
            "Interior Zone": "Indoor",
            "Exterior Zone": "Indoor",
            "Area (m^2)": [
                105.72365952
            ],
            "Boundary R Value": 2.1
        },
        "Foundation Floor": {
            "Interior Zone": "Foundation",
            "Exterior Zone": "Ground",
            "Area (m^2)": [
                105.72365952
            ],
            "Insulation Details": "Uninsulated"
        },
        "Rim Joist": {
            "Interior Zone": "Foundation",
            "Exterior Zone": "Outdoor",
            "Area (m^2)": [
                1.8023189759999998
            ],
            "Azimuth (deg)": [
                180
            ],
            "Boundary R Value": 3.1,
            "Exterior Solar Absorptivity (-)": 0.7,
            "Exterior Emissivity (-)": 0.9,
            "Finish Type": "composite shingle siding"
        },
        "Adjacent Rim Joist": {
            "Interior Zone": "Foundation",
            "Exterior Zone": "Foundation",
            "Area (m^2)": [
                3.2423160959999997,
                1.8023189759999998,
                3.2423160959999997
            ],
            "Azimuth (deg)": [
                270,
                0,
                90
            ],
            "Boundary R Value": 4.0
        },
        "Window": {
            "Interior Zone": "Indoor",
            "Exterior Zone": "Outdoor",
            "Area (m^2)": [
                5.602053311999999
            ],
            "Azimuth (deg)": [
                180
            ],
            "U Factor (W/m^2-K)": 0.38,
            "SHGC (-)": 0.44,
            "Shading Fraction (-)": 0.7
        },
        "Interior Wall": {
            "Area (m^2)": [
                105.72365952
            ],
            "Interior Zone": "Indoor",
            "Exterior Zone": "Indoor",
            "Insulation Level": "Standard"
        },
        "Indoor Furniture": {
            "Area (m^2)": [
                42.289463808
            ],
            "Interior Zone": "Indoor",
            "Exterior Zone": "Indoor",
            "Insulation Level": "Standard"
        },
        "Foundation Furniture": {
            "Area (m^2)": [
                42.289463808
            ],
            "Interior Zone": "Foundation",
            "Exterior Zone": "Foundation",
            "Insulation Level": "Standard"
        }
    },
    "Zones": {
        "Indoor": {
            "Zone Area (m^2)": 105.72365952,
            "Volume (m^3)": 257.79657137356793,
            "ELA stack coefficient (L/s/cm^4/K)": 8.964385856299898e-05,
            "ELA wind coefficient (L/s/cm^4/(m/s))": 0.00011413577917306574,
            "Infiltration Method": "ASHRAE",
            "inf_f_t": 0.5254720692073672,
            "inf_sft": 0.2627360346036836,
            "inf_n_i": 0.65,
            "inf_c": 0.08369557533925262,
            "inf_Cs": 0.05549283942636408,
            "inf_Cw": 0.10156623432739614
        },
        "Foundation": {
            "Zone Type": "Crawlspace",
            "Zone Area (m^2)": 105.72365952,
            "Volume (m^3)": 128.898285686784,
            "Vented": false,
            "Infiltration Method": null
        }
    },
    "Equipment": {
        "HVAC Heating": {
            "Equipment Name": "ElectricResistance",
            "Fuel": "Electricity",
            "Capacity (W)": 2409.3376044444444,
            "EIR (-)": 1.0,
            "Rated Efficiency": "100.0 Percent",
            "SHR (-)": null,
            "Conditioned Space Fraction (-)": 1.0,
            "Number of Speeds (-)": 1,
            "Rated Auxiliary Power (W)": 0,
            "Weekday Setpoints (C)": [16.666666666666686, 16.666666666666686, 16.666666666666686, 16.666666666666686, 20.000000000000057, 20.000000000000057, 20.000000000000057, 20.000000000000057, 20.000000000000057, 20.000000000000057, 20.000000000000057, 20.000000000000057, 20.000000000000057, 20.000000000000057, 20.000000000000057, 20.000000000000057, 20.000000000000057, 20.000000000000057, 20.000000000000057, 16.666666666666686, 16.666666666666686, 16.666666666666686, 16.666666666666686, 16.666666666666686],
            "Weekend Setpoints (C)": [16.666666666666686, 16.666666666666686, 16.666666666666686, 16.666666666666686, 20.000000000000057, 20.000000000000057, 20.000000000000057, 20.000000000000057, 20.000000000000057, 20.000000000000057, 20.000000000000057, 20.000000000000057, 20.000000000000057, 20.000000000000057, 20.000000000000057, 20.000000000000057, 20.000000000000057, 20.000000000000057, 20.000000000000057, 16.666666666666686, 16.666666666666686, 16.666666666666686, 16.666666666666686, 16.666666666666686],