{
    "Occupancy": {
        "Number of Occupants (-)": 4.0,
        "weekday_fractions": [0.035, 0.035, 0.035, 0.035, 0.035, 0.059, 0.082, 0.055, 0.027, 0.014, 0.014, 0.014, 0.014, 0.014, 0.019, 0.027, 0.041, 0.055, 0.068, 0.082, 0.082, 0.07, 0.053, 0.035],
        "weekend_fractions": [0.035, 0.035, 0.035, 0.035, 0.035, 0.059, 0.082, 0.055, 0.027, 0.014, 0.014, 0.014, 0.014, 0.014, 0.019, 0.027, 0.041, 0.055, 0.068, 0.082, 0.082, 0.07, 0.053, 0.035],
        "month_multipliers": [1.0, 1.0, 1.0, 1.0, 1.0, 1.0, 1.0, 1.0, 1.0, 1.0, 1.0, 1.0]
    },
    "Construction": {
        "Number of Bedrooms (-)": 3,
        "Number of Bathrooms (-)": 2,
        "House Type": "single-family detached",
        "Total Floors": 1.0,
        "Indoor Floors": 1.0,
        "Conditioned Floor Area (m^2)": 157.74936191999998,
        "Conditioned Volume (m^3)": 384.6560441057279,
        "Ceiling Height (m)": 2.4383999999999997,
        "Foundation Type": null,
        "First Floor Area (m^2)": 157.74936191999998,
        "Attic Floor Area (m^2)": 157.74936191999998,
        "Garage Floor Area (m^2)": 53.51215103999999,
        "Garage Protruded Area (m^2)": 26.756075519999996,
        "Indoor Floor Area (m^2)": 157.74936191999998,
        "Number of Bedrooms, Adjusted (-)": 3.68
    },
    "Boundaries": {
        "Exterior Wall": {
            "Interior Zone": "Indoor",
            "Exterior Zone": "Outdoor",
            "Area (m^2)": [
                36.436572288,
                12.922812863999999,
                19.955572992,
                20.243572415999996
            ],
            "Azimuth (deg)": [
                270,
                0,
                90,
                180
            ],
            "Boundary R Value": 4.8,
            "Exterior Solar Absorptivity (-)": 0.85,
            "Exterior Emissivity (-)": 0.9,
            "Finish Type": "wood siding",
            "Construction Type": "WoodStud"
        },
        "Garage Attached Wall": {
            "Interior Zone": "Indoor",
            "Exterior Zone": "Garage",
            "Area (m^2)": [
                17.83738368,
                8.91869184
            ],
            "Azimuth (deg)": [
                90,
                0
            ],
            "Boundary R Value": 4.8,
            "Construction Type": "WoodStud",
            "Finish Type": "wood siding"
        },
        "Garage Wall": {
            "Interior Zone": "Garage",
            "Exterior Zone": "Outdoor",
            "Area (m^2)": [
                17.83738368,
                17.83738368,
                8.91869184
            ],
            "Azimuth (deg)": [
                0,
                90,
                180
            ],
            "Boundary R Value": 4.0,
            "Exterior Solar Absorptivity (-)": 0.85,
            "Exterior Emissivity (-)": 0.9,
            "Finish Type": "wood siding",
            "Construction Type": "WoodStud"
        },
        "Floor": {
            "Interior Zone": "Indoor",
            "Exterior Zone": "Ground",
            "Area (m^2)": [
                157.74936191999998
            ],
            "Insulation Details": "Uninsulated"
        },
        "Garage Floor": {
            "Interior Zone": "Garage",
            "Exterior Zone": "Ground",
            "Area (m^2)": [
                53.51215103999999
            ],
            "Insulation Details": "Uninsulated"
        },
        "Roof": {
            "Interior Zone": "Indoor",
            "Exterior Zone": "Outdoor",
            "Area (m^2)": [
                157.74936191999998
            ],
            "Boundary R Value": 29.7,
            "Exterior Solar Absorptivity (-)": 0.85,
            "Exterior Emissivity (-)": 0.9,
            "Finish Type": "asphalt or fiberglass shingles",
            "Construction Type": "Flat",
            "Tilt (deg)": 0.0,
            "Radiant Barrier": false
        },
        "Garage Roof": {
            "Interior Zone": "Garage",
            "Exterior Zone": "Outdoor",
            "Area (m^2)": [
                53.51215103999999
            ],
            "Boundary R Value": 2.3,
            "Exterior Solar Absorptivity (-)": 0.85,
            "Exterior Emissivity (-)": 0.9,
            "Finish Type": "asphalt or fiberglass shingles",
            "Construction Type": "Flat",
            "Tilt (deg)": 0.0,
            "Radiant Barrier": false
        },
        "Window": {
            "Interior Zone": "Indoor",
            "Exterior Zone": "Outdoor",
            "Area (m^2)": [
                7.998951743999998,
                2.842833024,
                4.78450656,
                4.440765311999999
            ],
            "Azimuth (deg)": [
                270,
                0,
                90,
                180
            ],
            "U Factor (W/m^2-K)": 1.16,
            "SHGC (-)": 0.76,
            "Shading Fraction (-)": 0.7
        },
        "Door": {
            "Interior Zone": "Indoor",
            "Exterior Zone": "Outdoor",
            "Area (m^2)": [
                1.8580607999999998
            ],
            "Azimuth (deg)": [
                90
            ],
            "Boundary R Value": 5.0
        },
        "Interior Wall": {
            "Area (m^2)": [
                157.74936191999998
            ],
            "Interior Zone": "Indoor",
            "Exterior Zone": "Indoor",
            "Insulation Level": "Standard"
        },
        "Indoor Furniture": {
            "Area (m^2)": [
                63.099744767999994
            ],
            "Interior Zone": "Indoor",
            "Exterior Zone": "Indoor",
            "Insulation Level": "Standard"
        },
        "Garage Furniture": {
            "Area (m^2)": [
                5.351215104
            ],
            "Interior Zone": "Garage",
            "Exterior Zone": "Garage",
            "Insulation Level": "Standard"
        }
    },
    "Zones": {
        "Indoor": {
            "Zone Area (m^2)": 157.74936191999998,
            "Volume (m^3)": 384.6560441057279,
            "ELA stack coefficient (L/s/cm^4/K)": 8.964385856299901e-05,
            "ELA wind coefficient (L/s/cm^4/(m/s))": 0.00011413577917306574,
            "Infiltration Method": "ASHRAE",
            "inf_f_t": 0.5254720692073672,
            "inf_sft": 0.2627360346036836,
            "inf_n_i": 0.65,
            "inf_c": 0.2081357453515685,
            "inf_Cs": 0.056860661976270405,
            "inf_Cw": 0.16323354494299264
        },
        "Garage": {
            "Zone Area (m^2)": 53.51215103999999,
            "Volume (m^3)": 130.48402909593597,
            "Infiltration Method": "ACH",
            "Air Changes (1/hour)": 25.0
        }
    },
    "Equipment": {
        "HVAC Heating": {
            "Equipment Name": "Furnace",
            "Fuel": "Natural gas",
            "Capacity (W)": 18243.090524444444,
            "EIR (-)": 1.25,
            "Rated Efficiency": "0.8 AFUE",
            "SHR (-)": null,
            "Conditioned Space Fraction (-)": 1.0,
            "Number of Speeds (-)": 1,
            "Rated Auxiliary Power (W)": 907.7833333333333,
            "Weekday Setpoints (C)": [18.33333333333337, 18.33333333333337, 16.666666666666686, 16.666666666666686, 16.666666666666686, 16.666666666666686, 16.666666666666686, 16.666666666666686, 16.666666666666686, 16.666666666666686, 16.666666666666686, 18.33333333333337, 18.33333333333337, 18.33333333333337, 18.33333333333337, 18.33333333333337, 18.33333333333337, 18.33333333333337, 18.33333333333337, 18.33333333333337, 18.33333333333337, 18.33333333333337, 18.33333333333337, 18.33333333333337],