{
    "Occupancy": {
        "Number of Occupants (-)": 1.0,
        "weekday_fractions": [0.035, 0.035, 0.035, 0.035, 0.035, 0.059, 0.082, 0.055, 0.027, 0.014, 0.014, 0.014, 0.014, 0.014, 0.019, 0.027, 0.041, 0.055, 0.068, 0.082, 0.082, 0.07, 0.053, 0.035],
        "weekend_fractions": [0.035, 0.035, 0.035, 0.035, 0.035, 0.059, 0.082, 0.055, 0.027, 0.014, 0.014, 0.014, 0.014, 0.014, 0.019, 0.027, 0.041, 0.055, 0.068, 0.082, 0.082, 0.07, 0.053, 0.035],
        "month_multipliers": [1.0, 1.0, 1.0, 1.0, 1.0, 1.0, 1.0, 1.0, 1.0, 1.0, 1.0, 1.0]
    },
    "Construction": {
        "Number of Bedrooms (-)": 1,
        "Number of Bathrooms (-)": 1,
        "House Type": "apartment unit",
        "Total Floors": 1.0,
        "Indoor Floors": 1.0,
        "Conditioned Floor Area (m^2)": 57.87859391999999,
        "Conditioned Volume (m^3)": 141.13116341452798,
        "Ceiling Height (m)": 2.4383999999999997,
        "Foundation Type": null,
        "First Floor Area (m^2)": 57.87859391999999,
        "Attic Floor Area (m^2)": 57.87859391999999,
        "Garage Floor Area (m^2)": 0,
        "Garage Protruded Area (m^2)": 0,
        "Indoor Floor Area (m^2)": 57.87859391999999,
        "Number of Bedrooms, Adjusted (-)": 0.21999999999999997
    },
    "Boundaries": {
        "Exterior Wall": {
            "Interior Zone": "Indoor",
            "Exterior Zone": "Outdoor",
            "Area (m^2)": [
                9.671206464
            ],
            "Azimuth (deg)": [
                225
            ],
            "Boundary R Value": 10.9,
            "Exterior Solar Absorptivity (-)": 0.5,
            "Exterior Emissivity (-)": 0.9,
            "Finish Type": "aluminum siding",
            "Construction Type": "WoodStud"
        },
        "Adjacent Wall": {
            "Interior Zone": "Indoor",
            "Exterior Zone": "Indoor",
            "Area (m^2)": [
                24.888724415999995,
                13.823972352,
                24.888724415999995
            ],
            "Azimuth (deg)": [
                315,
                45,
                135
            ],
            "Boundary R Value": 4.0,
            "Construction Type": "WoodStud"
        },
        "Adjacent Ceiling": {
            "Interior Zone": "Indoor",
            "Exterior Zone": "Indoor",
            "Area (m^2)": [
                57.87859391999999
            ],
            "Boundary R Value": 2.1
        },
        "Adjacent Floor": {
            "Interior Zone": "Indoor",
            "Exterior Zone": "Indoor",
            "Area (m^2)": [
                57.87859391999999
            ],
            "Boundary R Value": 2.1
        },
        "Window": {
            "Interior Zone": "Indoor",
            "Exterior Zone": "Outdoor",
            "Area (m^2)": [
                4.152765888
            ],
            "Azimuth (deg)": [
                225
            ],
            "U Factor (W/m^2-K)": 0.49,
            "SHGC (-)": 0.56,
            "Shading Fraction (-)": 0.7
        },
        "Interior Wall": {
            "Area (m^2)": [
                57.87859391999999
            ],
            "Interior Zone": "Indoor",
            "Exterior Zone": "Indoor",
            "Insulation Level": "Standard"
        },
        "Indoor Furniture": {
            "Area (m^2)": [
                23.151437568
            ],
            "Interior Zone": "Indoor",
            "Exterior Zone": "Indoor",
            "Insulation Level": "Standard"
        }
    },
    "Zones": {
        "Indoor": {
            "Zone Area (m^2)": 57.87859391999999,
            "Volume (m^3)": 141.13116341452798,
            "ELA stack coefficient (L/s/cm^4/K)": 8.964385856299901e-05,
            "ELA wind coefficient (L/s/cm^4/(m/s))": 0.00011413577917306574,
            "Infiltration Method": "ASHRAE",
            "inf_f_t": 0.5254720692073672,
            "inf_sft": 0.3678304484451571,
            "inf_n_i": 0.65,
            "inf_c": 0.0458192824572534,
            "inf_Cs": 0.06561444276043552,
            "inf_Cw": 0.14935713017546387
        }
    },
    "Equipment": {
        "HVAC Heating": {
            "Equipment Name": "Furnace",
            "Fuel": "Natural gas",
            "Capacity (W)": 477.11976888888887,
            "EIR (-)": 1.081081081081081,
            "Rated Efficiency": "0.925 AFUE",
            "SHR (-)": null,
            "Conditioned Space Fraction (-)": 1.0,
            "Number of Speeds (-)": 1,
            "Rated Auxiliary Power (W)": 17.80625,
            "Weekday Setpoints (C)": [16.666666666666686, 16.666666666666686, 16.666666666666686, 20.000000000000057, 20.000000000000057, 20.000000000000057, 20.000000000000057, 20.000000000000057, 20.000000000000057, 20.000000000000057, 20.000000000000057, 20.000000000000057, 20.000000000000057, 20.000000000000057, 20.000000000000057, 20.000000000000057, 20.000000000000057, 20.000000000000057, 16.666666666666686, 16.666666666666686, 16.666666666666686, 16.666666666666686, 16.666666666666686, 16.666666666666686],
            "Weekend Setpoints (C)": [16.666666666666686, 16.666666666666686, 16.666666666666686, 20.000000000000057, 20.000000000000057, 20.000000000000057, 20.000000000000057, 20.000000000000057, 20.000000000000057, 20.000000000000057, 20.000000000000057, 20.000000000000057, 20.000000000000057, 20.000000000000057, 20.000000000000057, 20.000000000000057, 20.000000000000057, 20.000000000000057, 16.666666666666686, 16.666666666666686, 16.666666666666686, 16.666666666666686, 16.666666666666686, 16.666666666666686]
        },
        "HVAC Cooling": {
            "Equipment Name": "mini-split",
            "Fuel": "Electricity",
            "Capacity (W)": 1744.0661822222223,
            "EIR (-)": 0.262472396652952,
            "Rated Efficiency": "13.0 SEER",
            "SHR (-)": 0.73,
            "Conditioned Space Fraction (-)": 1.0,
            "Number of Speeds (-)": 4,
            "Rated Auxiliary Power (W)": 10.830820000000003,
            "Weekday Setpoints (C)": [22.77777777777783, 22.77777777777783, 22.77777777777783, 22.77777777777783, 22.77777777777783, 22.77777777777783, 22.77777777777783, 22.77777777777783, 23.888888888888914, 23.888888888888914, 23.888888888888914, 23.888888888888914, 23.888888888888914, 23.888888888888914, 23.888888888888914, 23.888888888888914, 23.888888888888914, 23.888888888888914, 23.888888888888914, 23.888888888888914, 23.888888888888914, 23.888888888888914, 23.888888888888914, 22.77777777777783],
            "Weekend Setpoints (C)": [22.77777777777783, 22.77777777777783, 22.77777777777783, 22.77777777777783, 22.77777777777783, 22.77777777777783, 22.77777777777783, 22.77777777777783, 23.888888888888914, 23.888888888888914, 23.888888888888914, 23.888888888888914, 23.888888888888914, 23.888888888888914, 23.888888888888914, 23.888888888888914, 23.888888888888914, 23.888888888888914, 23.888888888888914, 23.888888888888914, 23.888888888888914, 23.888888888888914, 23.888888888888914, 22.77777777777783]
        },
        "Water Heating": {
            "Equipment Name": "storage water heater",
            "Fuel": "Natural gas",
            "Zone": "Indoor",
            "Setpoint Temperature (C)": 51.666666666666686,
            "UA (W/K)": 4.19360174779426,
            "Efficiency (-)": 0.7749053761641358,
            "Energy Factor (-)": 0.59,
            "Tank Volume (L)": 107.88423584399997,
            "Tank Height (m)": 1.2191999999999998,
            "Capacity (W)": 10550.56,
            "weekday_fractions": [0.012, 0.006, 0.004, 0.005, 0.01, 0.034, 0.078, 0.086, 0.08, 0.067, 0.056, 0.047, 0.04, 0.035, 0.033, 0.031, 0.038, 0.051, 0.06, 0.06, 0.055, 0.048, 0.038, 0.026],
            "weekend_fractions": [0.012, 0.006, 0.004, 0.005, 0.01, 0.034, 0.078, 0.086, 0.08, 0.067, 0.056, 0.047, 0.04, 0.035, 0.033, 0.031, 0.038, 0.051, 0.06, 0.06, 0.055, 0.048, 0.038, 0.026],
            "month_multipliers": [1.0, 1.0, 1.0, 1.0, 1.0, 1.0, 1.0, 1.0, 1.0, 1.0, 1.0, 1.0],