{
    "Occupancy": {
        "Number of Occupants (-)": 3.0,
        "weekday_fractions": [0.035, 0.035, 0.035, 0.035, 0.035, 0.059, 0.082, 0.055, 0.027, 0.014, 0.014, 0.014, 0.014, 0.014, 0.019, 0.027, 0.041, 0.055, 0.068, 0.082, 0.082, 0.07, 0.053, 0.035],
        "weekend_fractions": [0.035, 0.035, 0.035, 0.035, 0.035, 0.059, 0.082, 0.055, 0.027, 0.014, 0.014, 0.014, 0.014, 0.014, 0.019, 0.027, 0.041, 0.055, 0.068, 0.082, 0.082, 0.07, 0.053, 0.035],
        "month_multipliers": [1.0, 1.0, 1.0, 1.0, 1.0, 1.0, 1.0, 1.0, 1.0, 1.0, 1.0, 1.0]
    },
    "Construction": {
        "Number of Bedrooms (-)": 3,
        "Number of Bathrooms (-)": 2,
        "House Type": "single-family attached",
        "Total Floors": 1.0,
        "Indoor Floors": 1.0,
        "Conditioned Floor Area (m^2)": 155.89130111999998,
        "Conditioned Volume (m^3)": 380.1253486510079,
        "Ceiling Height (m)": 2.4383999999999997,
        "Foundation Type": null,
        "First Floor Area (m^2)": 155.89130111999998,
        "Attic Floor Area (m^2)": 155.89130111999998,
        "Garage Floor Area (m^2)": 0,
        "Garage Protruded Area (m^2)": 0,
        "Indoor Floor Area (m^2)": 155.89130111999998,
        "Number of Bedrooms, Adjusted (-)": 3.6000000000000005
    },
    "Boundaries": {
        "Exterior Wall": {
            "Interior Zone": "Indoor",
            "Exterior Zone": "Outdoor",
            "Area (m^2)": [
                20.652345792,
                37.161215999999996,
                18.794284991999998
            ],
            "Azimuth (deg)": [
                270,
                0,
                90
            ],
            "Boundary R Value": 16.8,
            "Exterior Solar Absorptivity (-)": 0.85,
            "Exterior Emissivity (-)": 0.9,
            "Finish Type": "wood siding",
            "Construction Type": "WoodStud"
        },
        "Attic Wall": {
            "Interior Zone": "Attic",
            "Exterior Zone": "Outdoor",
            "Area (m^2)": [
                35.070897599999995
            ],
            "Azimuth (deg)": [
                0
            ],
            "Boundary R Value": 4.0,
            "Exterior Solar Absorptivity (-)": 0.85,
            "Exterior Emissivity (-)": 0.9,
            "Finish Type": "wood siding",
            "Construction Type": "WoodStud"
        },
        "Adjacent Wall": {
            "Interior Zone": "Indoor",
            "Exterior Zone": "Indoor",
            "Area (m^2)": [
                40.840176383999996
            ],
            "Azimuth (deg)": [
                180
            ],
            "Boundary R Value": 4.0,
            "Construction Type": "WoodStud"
        },
        "Adjacent Attic Wall": {
            "Interior Zone": "Attic",
            "Exterior Zone": "Attic",
            "Area (m^2)": [
                35.070897599999995
            ],
            "Azimuth (deg)": [
                180
            ],
            "Boundary R Value": 4.0
        },
        "Attic Floor": {
            "Interior Zone": "Indoor",
            "Exterior Zone": "Attic",
            "Area (m^2)": [
                155.89130111999998
            ],
            "Boundary R Value": 39.6
        },
        "Floor": {
            "Interior Zone": "Indoor",
            "Exterior Zone": "Ground",
            "Area (m^2)": [
                155.89130111999998
            ],
            "Insulation Details": "2ft R10 Exterior"
        },
        "Attic Roof": {
            "Interior Zone": "Attic",
            "Exterior Zone": "Outdoor",
            "Area (m^2)": [
                87.14305151999999,
                87.14305151999999
            ],
            "Azimuth (deg)": [
                270,
                90
            ],
            "Boundary R Value": 2.3,
            "Exterior Solar Absorptivity (-)": 0.85,
            "Exterior Emissivity (-)": 0.9,
            "Finish Type": "asphalt or fiberglass shingles",
            "Construction Type": "Pitched",
            "Tilt (deg)": 26.56505117707799,
            "Radiant Barrier": false
        },
        "Window": {
            "Interior Zone": "Indoor",
            "Exterior Zone": "Outdoor",
            "Area (m^2)": [
                2.04386688,
                3.678960384,
                2.04386688
            ],
            "Azimuth (deg)": [
                270,
                0,
                90
            ],
            "U Factor (W/m^2-K)": 0.49,
            "SHGC (-)": 0.56,
            "Shading Fraction (-)": 0.7
        },
        "Door": {
            "Interior Zone": "Indoor",
            "Exterior Zone": "Outdoor",
            "Area (m^2)": [
                1.8580607999999998
            ],
            "Azimuth (deg)": [
                90
            ],
            "Boundary R Value": 5.0
        },
        "Interior Wall": {
            "Area (m^2)": [
                155.89130111999998
            ],
            "Interior Zone": "Indoor",
            "Exterior Zone": "Indoor",
            "Insulation Level": "Standard"
        },
        "Indoor Furniture": {
            "Area (m^2)": [
                62.356520448
            ],
            "Interior Zone": "Indoor",
            "Exterior Zone": "Indoor",
            "Insulation Level": "Standard"
        }
    },
    "Zones": {
        "Indoor": {
            "Zone Area (m^2)": 155.89130111999998,
            "Volume (m^3)": 380.1253486510079,
            "ELA stack coefficient (L/s/cm^4/K)": 8.964385856299901e-05,
            "ELA wind coefficient (L/s/cm^4/(m/s))": 0.00011413577917306574,
            "Infiltration Method": "ASHRAE",
            "inf_f_t": 0.5254720692073672,
            "inf_sft": 0.2627360346036836,
            "inf_n_i": 0.65,
            "inf_c": 0.1234105232155236,
            "inf_Cs": 0.056860661976270405,
            "inf_Cw": 0.16323354494299264
        },
        "Attic": {
            "Zone Area (m^2)": 155.89130111999998,
            "Volume (m^3)": 326.4001344549209,
            "Vented": false,
            "Infiltration Method": "ACH",
            "Air Changes (1/hour)": 0.1
        }
    },
    "Equipment": {
        "HVAC Heating": {
            "Equipment Name": "ElectricResistance",
            "Fuel": "Electricity",
            "Capacity (W)": 6109.653453333333,
            "EIR (-)": 1.0,
            "Rated Efficiency": "100.0 Percent",
            "SHR (-)": null,
            "Conditioned Space Fraction (-)": 1.0,
            "Number of Speeds (-)": 1,
            "Rated Auxiliary Power (W)": 0,
            "Weekday Setpoints (C)": [17.77777777777783, 17.77777777777783, 17.77777777777783, 17.77777777777783, 21.111111111111143, 21.111111111111143, 21.111111111111143, 21.111111111111143, 21.111111111111143, 21.111111111111143, 21.111111111111143, 21.111111111111143, 21.111111111111143, 21.111111111111143, 21.111111111111143, 21.111111111111143, 21.111111111111143, 21.111111111111143, 21.111111111111143, 17.77777777777783, 17.77777777777783, 17.77777777777783, 17.77777777777783, 17.77777777777783],
            "Weekend Setpoints (C)": [17.77777777777783, 17.77777777777783, 17.77777777777783, 17.77777777777783, 21.111111111111143, 21.111111111111143, 21.111111111111143, 21.111111111111143, 21.111111111111143, 21.111111111111143, 21.111111111111143, 21.111111111111143, 21.111111111111143, 21.111111111111143, 21.111111111111143, 21.111111111111143, 21.111111111111143, 21.111111111111143, 21.111111111111143, 17.77777777777783, 17.77777777777783, 17.77777777777783, 17.77777777777783, 17.77777777777783],
            "Ducts": {
                "Zone": "Attic",
                "Supply Leakage (-)": 0.133,
                "Supply Area (ft^2)": 453.06,
                "Supply R Value": 4.0,
                "Return Leakage (-)": 0.067,
                "Return Area (ft^2)": 83.9,
                "Return R Value": 4.0
            }
        },
        "HVAC Cooling": {
            "Equipment Name": "central air conditioner",