{
    "Occupancy": {
        "Number of Occupants (-)": 1.0,
        "weekday_fractions": [0.035, 0.035, 0.035, 0.035, 0.035, 0.059, 0.082, 0.055, 0.027, 0.014, 0.014, 0.014, 0.014, 0.014, 0.019, 0.027, 0.041, 0.055, 0.068, 0.082, 0.082, 0.07, 0.053, 0.035],
        "weekend_fractions": [0.035, 0.035, 0.035, 0.035, 0.035, 0.059, 0.082, 0.055, 0.027, 0.014, 0.014, 0.014, 0.014, 0.014, 0.019, 0.027, 0.041, 0.055, 0.068, 0.082, 0.082, 0.07, 0.053, 0.035],
        "month_multipliers": [1.0, 1.0, 1.0, 1.0, 1.0, 1.0, 1.0, 1.0, 1.0, 1.0, 1.0, 1.0]
    },
    "Construction": {
        "Number of Bedrooms (-)": 2,
        "Number of Bathrooms (-)": 1,
        "House Type": "single-family detached",
        "Total Floors": 1.0,
        "Indoor Floors": 1.0,
        "Conditioned Floor Area (m^2)": 114.08493311999999,
        "Conditioned Volume (m^3)": 278.18470091980794,
        "Ceiling Height (m)": 2.4383999999999997,
        "Foundation Type": "Crawlspace",
        "First Floor Area (m^2)": 114.08493311999999,
        "Attic Floor Area (m^2)": 114.08493311999999,
        "Garage Floor Area (m^2)": 0,
        "Garage Protruded Area (m^2)": 0,
        "Indoor Floor Area (m^2)": 114.08493311999999,
        "Number of Bedrooms, Adjusted (-)": 0.41000000000000003
    },
    "Boundaries": {
        "Exterior Wall": {
            "Interior Zone": "Indoor",
            "Exterior Zone": "Outdoor",
            "Area (m^2)": [
                30.75090624,
                17.084869056,
                28.89284544,
                17.084869056
            ],
            "Azimuth (deg)": [
                270,
                0,
                90,
                180
            ],
            "Boundary R Value": 4.8,
            "Exterior Solar Absorptivity (-)": 0.85,
            "Exterior Emissivity (-)": 0.9,
            "Finish Type": "wood siding",
            "Construction Type": "WoodStud"
        },
        "Attic Wall": {
            "Interior Zone": "Attic",
            "Exterior Zone": "Outdoor",
            "Area (m^2)": [
                7.924629311999999,
                7.924629311999999
            ],
            "Azimuth (deg)": [
                0,
                180
            ],
            "Boundary R Value": 4.0,
            "Exterior Solar Absorptivity (-)": 0.85,
            "Exterior Emissivity (-)": 0.9,
            "Finish Type": "wood siding",
            "Construction Type": "WoodStud"
        },
        "Foundation Wall": {
            "Interior Zone": "Foundation",
            "Exterior Zone": "Ground",
            "Area (m^2)": [
                17.475061823999997,
                9.708367679999999,
                17.475061823999997,
                9.708367679999999
            ],
            "Azimuth (deg)": [
                270,
                0,
                90,
                180
            ],
            "Insulation Details": "Uninsulated",
            "Height (m)": 1.2191999999999998,
            "Construction Type": "Crawlspace"
        },
        "Attic Floor": {
            "Interior Zone": "Indoor",
            "Exterior Zone": "Attic",
            "Area (m^2)": [
                114.08493311999999
            ],
            "Boundary R Value": 39.6
        },
        "Foundation Ceiling": {
            "Interior Zone": "Indoor",
            "Exterior Zone": "Foundation",
            "Area (m^2)": [
                114.08493311999999
            ],
            "Boundary R Value": 5.3
        },
        "Foundation Floor": {
            "Interior Zone": "Foundation",
            "Exterior Zone": "Ground",
            "Area (m^2)": [
                114.08493311999999
            ],
            "Insulation Details": "Uninsulated"
        },
        "Attic Roof": {
            "Interior Zone": "Attic",
            "Exterior Zone": "Outdoor",
            "Area (m^2)": [
                63.77793696,
                63.77793696
            ],
            "Azimuth (deg)": [
                270,
                90
            ],
            "Boundary R Value": 2.3,
            "Exterior Solar Absorptivity (-)": 0.85,
            "Exterior Emissivity (-)": 0.9,
            "Finish Type": "asphalt or fiberglass shingles",
            "Construction Type": "Pitched",
            "Tilt (deg)": 26.56505117707799,
            "Radiant Barrier": false
        },
        "Rim Joist": {
            "Interior Zone": "Foundation",
            "Exterior Zone": "Outdoor",
            "Area (m^2)": [
                3.363090048,
                1.867351104,
                3.363090048,
                1.867351104
            ],
            "Azimuth (deg)": [
                270,
                0,
                90,
                180
            ],
            "Boundary R Value": 3.9,
            "Exterior Solar Absorptivity (-)": 0.85,
            "Exterior Emissivity (-)": 0.9,
            "Finish Type": "wood siding"
        },
        "Window": {
            "Interior Zone": "Indoor",
            "Exterior Zone": "Outdoor",
            "Area (m^2)": [
                4.189927104,
                2.331866304,
                4.189927104,
                2.331866304
            ],
            "Azimuth (deg)": [
                270,
                0,
                90,
                180
            ],
            "U Factor (W/m^2-K)": 0.84,
            "SHGC (-)": 0.63,
            "Shading Fraction (-)": 0.7
        },
        "Door": {
            "Interior Zone": "Indoor",
            "Exterior Zone": "Outdoor",
            "Area (m^2)": [
                1.8580607999999998
            ],
            "Azimuth (deg)": [
                90
            ],
            "Boundary R Value": 5.0
        },
        "Interior Wall": {
            "Area (m^2)": [
                114.08493311999999
            ],
            "Interior Zone": "Indoor",
            "Exterior Zone": "Indoor",
            "Insulation Level": "Standard"
        },
        "Indoor Furniture": {
            "Area (m^2)": [
                45.633973248
            ],
            "Interior Zone": "Indoor",
            "Exterior Zone": "Indoor",
            "Insulation Level": "Standard"
        },
        "Foundation Furniture": {
            "Area (m^2)": [
                45.633973248
            ],
            "Interior Zone": "Foundation",
            "Exterior Zone": "Foundation",
            "Insulation Level": "Standard"
        }
    },
    "Zones": {
        "Indoor": {
            "Zone Area (m^2)": 114.08493311999999,
            "Volume (m^3)": 278.18470091980794,
            "ELA stack coefficient (L/s/cm^4/K)": 8.964385856299901e-05,
            "ELA wind coefficient (L/s/cm^4/(m/s))": 0.00011413577917306574,
            "Infiltration Method": "ASHRAE",
            "inf_f_t": 0.5254720692073672,
            "inf_sft": 0.2627360346036836,
            "inf_n_i": 0.65,
            "inf_c": 0.09031473331863109,
            "inf_Cs": 0.05549283942636408,
            "inf_Cw": 0.10156623432739614
        },
        "Attic": {
            "Zone Area (m^2)": 114.08493311999999,
            "Volume (m^3)": 113.5462450834358,
            "Vented": true,
            "Infiltration Method": "ELA",
            "ELA (cm^2)": 3802.4508208895995,
            "ELA stack coefficient (L/s/cm^4/K)": 0.00013835519436553633,
            "ELA wind coefficient (L/s/cm^4/(m/s))": 5.750784073492515e-05
        },
        "Foundation": {
            "Zone Type": "Crawlspace",
            "Zone Area (m^2)": 114.08493311999999,
            "Volume (m^3)": 139.09235045990397,
            "Vented": true,
            "Infiltration Method": "ELA",
            "ELA (cm^2)": 7606.042491110399,
            "ELA stack coefficient (L/s/cm^4/K)": 4.4821929281499506e-05,
            "ELA wind coefficient (L/s/cm^4/(m/s))": 8.64987456620941e-05
        }
    },
    "Equipment": {
        "HVAC Heating": {
            "Equipment Name": "Furnace",
            "Fuel": "Natural gas",