{
    "Occupancy": {
        "Number of Occupants (-)": 3.0,
        "weekday_fractions": [0.035, 0.035, 0.035, 0.035, 0.035, 0.059, 0.082, 0.055, 0.027, 0.014, 0.014, 0.014, 0.014, 0.014, 0.019, 0.027, 0.041, 0.055, 0.068, 0.082, 0.082, 0.07, 0.053, 0.035],
        "weekend_fractions": [0.035, 0.035, 0.035, 0.035, 0.035, 0.059, 0.082, 0.055, 0.027, 0.014, 0.014, 0.014, 0.014, 0.014, 0.019, 0.027, 0.041, 0.055, 0.068, 0.082, 0.082, 0.07, 0.053, 0.035],
        "month_multipliers": [1.0, 1.0, 1.0, 1.0, 1.0, 1.0, 1.0, 1.0, 1.0, 1.0, 1.0, 1.0]
    },
    "Construction": {
        "Number of Bedrooms (-)": 3,
        "Number of Bathrooms (-)": 2,
        "House Type": "single-family detached",
        "Total Floors": 2.0,
        "Indoor Floors": 2.0,
        "Conditioned Floor Area (m^2)": 157.74936191999998,
        "Conditioned Volume (m^3)": 384.6560441057279,
        "Ceiling Height (m)": 2.4383999999999997,
        "Foundation Type": null,
        "First Floor Area (m^2)": 65.4966432,
        "Attic Floor Area (m^2)": 92.25271871999999,
        "Garage Floor Area (m^2)": 26.756075519999996,
        "Garage Protruded Area (m^2)": 13.378037759999998,
        "Indoor Floor Area (m^2)": 157.74936191999998,
        "Number of Bedrooms, Adjusted (-)": 2.5900000000000003
    },
    "Boundaries": {
        "Exterior Wall": {
            "Interior Zone": "Indoor",
            "Exterior Zone": "Outdoor",
            "Area (m^2)": [
                51.143123519999996,
                28.409749632,
                41.425465536,
                36.269346815999995
            ],
            "Azimuth (deg)": [
                225,
                315,
                45,
                135
            ],
            "Boundary R Value": 4.1,
            "Exterior Solar Absorptivity (-)": 0.5,
            "Exterior Emissivity (-)": 0.9,
            "Finish Type": "brick veneer",
            "Construction Type": "WoodStud"
        },
        "Attic Wall": {
            "Interior Zone": "Attic",
            "Exterior Zone": "Outdoor",
            "Area (m^2)": [
                5.481279359999999,
                5.481279359999999,
                1.6722547199999998
            ],
            "Azimuth (deg)": [
                315,
                135,
                45
            ],
            "Boundary R Value": 4.0,
            "Exterior Solar Absorptivity (-)": 0.5,
            "Exterior Emissivity (-)": 0.9,
            "Finish Type": "brick veneer",
            "Construction Type": "WoodStud"
        },
        "Garage Attached Wall": {
            "Interior Zone": "Indoor",
            "Exterior Zone": "Garage",
            "Area (m^2)": [
                8.91869184,
                8.91869184
            ],
            "Azimuth (deg)": [
                45,
                315
            ],
            "Boundary R Value": 4.1,
            "Construction Type": "WoodStud",
            "Finish Type": "brick veneer"
        },
        "Garage Wall": {
            "Interior Zone": "Garage",
            "Exterior Zone": "Outdoor",
            "Area (m^2)": [
                17.83738368,
                8.91869184,
                8.91869184
            ],
            "Azimuth (deg)": [
                315,
                45,
                135
            ],
            "Boundary R Value": 4.0,
            "Exterior Solar Absorptivity (-)": 0.5,
            "Exterior Emissivity (-)": 0.9,
            "Finish Type": "brick veneer",
            "Construction Type": "WoodStud"
        },
        "Attic Floor": {
            "Interior Zone": "Indoor",
            "Exterior Zone": "Attic",
            "Area (m^2)": [
                92.25271871999999
            ],
            "Boundary R Value": 20.6
        },
        "Garage Interior Ceiling": {
            "Interior Zone": "Indoor",
            "Exterior Zone": "Garage",
            "Area (m^2)": [
                26.756075519999996
            ],
            "Boundary R Value": 5.3
        },
        "Floor": {
            "Interior Zone": "Indoor",
            "Exterior Zone": "Ground",
            "Area (m^2)": [
                65.4966432
            ],
            "Insulation Details": "Uninsulated"
        },
        "Garage Floor": {
            "Interior Zone": "Garage",
            "Exterior Zone": "Ground",
            "Area (m^2)": [
                26.756075519999996
            ],
            "Insulation Details": "Uninsulated"
        },
        "Attic Roof": {
            "Interior Zone": "Attic",
            "Exterior Zone": "Outdoor",
            "Area (m^2)": [
                44.091782783999996,
                9.346045823999999,
                9.346045823999999,
                40.357080575999994
            ],
            "Azimuth (deg)": [
                225,
                315,
                135,
                45
            ],
            "Boundary R Value": 2.3,
            "Exterior Solar Absorptivity (-)": 0.85,
            "Exterior Emissivity (-)": 0.9,
            "Finish Type": "asphalt or fiberglass shingles",
            "Construction Type": "Pitched",
            "Tilt (deg)": 26.56505117707799,
            "Radiant Barrier": false
        },
        "Window": {
            "Interior Zone": "Indoor",
            "Exterior Zone": "Outdoor",
            "Area (m^2)": [
                6.967727999999999,
                3.8740567679999995,
                5.908633343999999,
                4.933151424
            ],
            "Azimuth (deg)": [
                225,
                315,
                45,
                135
            ],
            "U Factor (W/m^2-K)": 0.49,
            "SHGC (-)": 0.56,
            "Shading Fraction (-)": 0.7
        },
        "Door": {
            "Interior Zone": "Indoor",
            "Exterior Zone": "Outdoor",
            "Area (m^2)": [
                1.8580607999999998
            ],
            "Azimuth (deg)": [
                45
            ],
            "Boundary R Value": 5.0
        },
        "Interior Wall": {
            "Area (m^2)": [
                157.74936191999998
            ],
            "Interior Zone": "Indoor",
            "Exterior Zone": "Indoor",
            "Insulation Level": "Standard"
        },
        "Indoor Furniture": {
            "Area (m^2)": [
                63.099744767999994
            ],
            "Interior Zone": "Indoor",
            "Exterior Zone": "Indoor",
            "Insulation Level": "Standard"
        },
        "Garage Furniture": {
            "Area (m^2)": [
                2.675607552
            ],
            "Interior Zone": "Garage",
            "Exterior Zone": "Garage",
            "Insulation Level": "Standard"
        }
    },
    "Zones": {
        "Indoor": {
            "Zone Area (m^2)": 157.74936191999998,
            "Volume (m^3)": 384.6560441057279,
            "ELA stack coefficient (L/s/cm^4/K)": 0.00017928771712599802,
            "ELA wind coefficient (L/s/cm^4/(m/s))": 0.0001506030635210884,
            "Infiltration Method": "ASHRAE",
            "inf_f_t": 0.6120349677568974,
            "inf_sft": 0.4284244774298282,
            "inf_n_i": 0.65,
            "inf_c": 0.16650859628125475,
            "inf_Cs": 0.09469761906849986,
            "inf_Cw": 0.14935713017546387
        },
        "Attic": {
            "Zone Area (m^2)": 92.25271871999999,
            "Volume (m^3)": 71.65932441654299,
            "Vented": true,
            "Infiltration Method": "ELA",
            "ELA (cm^2)": 3074.7831149375997,
            "ELA stack coefficient (L/s/cm^4/K)": 0.00011506598487543054,
            "ELA wind coefficient (L/s/cm^4/(m/s))": 6.717885901862292e-05
        },
        "Garage": {
            "Zone Area (m^2)": 26.756075519999996,
            "Volume (m^3)": 65.24201454796798,
            "Infiltration Method": "ACH",
            "Air Changes (1/hour)": 20.0
        }
    },