{
    "Occupancy": {
        "Number of Occupants (-)": 4.0,
        "weekday_fractions": [0.035, 0.035, 0.035, 0.035, 0.035, 0.059, 0.082, 0.055, 0.027, 0.014, 0.014, 0.014, 0.014, 0.014, 0.019, 0.027, 0.041, 0.055, 0.068, 0.082, 0.082, 0.07, 0.053, 0.035],
        "weekend_fractions": [0.035, 0.035, 0.035, 0.035, 0.035, 0.059, 0.082, 0.055, 0.027, 0.014, 0.014, 0.014, 0.014, 0.014, 0.019, 0.027, 0.041, 0.055, 0.068, 0.082, 0.082, 0.07, 0.053, 0.035],
        "month_multipliers": [1.0, 1.0, 1.0, 1.0, 1.0, 1.0, 1.0, 1.0, 1.0, 1.0, 1.0, 1.0]
    },
    "Construction": {
        "Number of Bedrooms (-)": 4,
        "Number of Bathrooms (-)": 2,
        "House Type": "apartment unit",
        "Total Floors": 1.0,
        "Indoor Floors": 1.0,
        "Conditioned Floor Area (m^2)": 156.26291328,
        "Conditioned Volume (m^3)": 381.03148774195193,
        "Ceiling Height (m)": 2.4383999999999997,
        "Foundation Type": null,
        "First Floor Area (m^2)": 156.26291328,
        "Attic Floor Area (m^2)": 156.26291328,
        "Garage Floor Area (m^2)": 0,
        "Garage Protruded Area (m^2)": 0,
        "Indoor Floor Area (m^2)": 156.26291328,
        "Number of Bedrooms, Adjusted (-)": 5.29
    },
    "Boundaries": {
        "Exterior Wall": {
            "Interior Zone": "Indoor",
            "Exterior Zone": "Outdoor",
            "Area (m^2)": [
                20.002024512,
                35.99063769599999,
                18.143963711999998,
                35.99063769599999
            ],
            "Azimuth (deg)": [
                270,
                0,
                90,
                180
            ],
            "Boundary R Value": 16.0,
            "Exterior Solar Absorptivity (-)": 0.7,
            "Exterior Emissivity (-)": 0.9,
            "Finish Type": "composite shingle siding",
            "Construction Type": "WoodStud"
        },
        "Adjacent Floor": {
            "Interior Zone": "Indoor",
            "Exterior Zone": "Indoor",
            "Area (m^2)": [
                156.26291328
            ],
            "Boundary R Value": 2.1
        },
        "Roof": {
            "Interior Zone": "Indoor",
            "Exterior Zone": "Outdoor",
            "Area (m^2)": [
                156.26291328
            ],
            "Boundary R Value": 29.7,
            "Exterior Solar Absorptivity (-)": 0.85,
            "Exterior Emissivity (-)": 0.9,
            "Finish Type": "asphalt or fiberglass shingles",
            "Construction Type": "Flat",
            "Tilt (deg)": 0.0,
            "Radiant Barrier": false
        },
        "Window": {
            "Interior Zone": "Indoor",
            "Exterior Zone": "Outdoor",
            "Area (m^2)": [
                2.722059072,
                4.905280511999999,
                2.722059072,
                4.905280511999999
            ],
            "Azimuth (deg)": [
                270,
                0,
                90,
                180
            ],
            "U Factor (W/m^2-K)": 0.76,
            "SHGC (-)": 0.67,
            "Shading Fraction (-)": 0.7
        },
        "Door": {
            "Interior Zone": "Indoor",
            "Exterior Zone": "Outdoor",
            "Area (m^2)": [
                1.8580607999999998
            ],
            "Azimuth (deg)": [
                90
            ],
            "Boundary R Value": 5.0
        },
        "Interior Wall": {
            "Area (m^2)": [
                156.26291328
            ],
            "Interior Zone": "Indoor",
            "Exterior Zone": "Indoor",
            "Insulation Level": "Standard"
        },
        "Indoor Furniture": {
            "Area (m^2)": [
                62.505165312
            ],
            "Interior Zone": "Indoor",
            "Exterior Zone": "Indoor",
            "Insulation Level": "Standard"
        }
    },
    "Zones": {
        "Indoor": {
            "Zone Area (m^2)": 156.26291328,
            "Volume (m^3)": 381.03148774195193,
            "ELA stack coefficient (L/s/cm^4/K)": 8.964385856299901e-05,
            "ELA wind coefficient (L/s/cm^4/(m/s))": 0.00011413577917306574,
            "Infiltration Method": "ASHRAE",
            "inf_f_t": 0.5254720692073672,
            "inf_sft": 0.3678304484451571,
            "inf_n_i": 0.65,
            "inf_c": 0.12370470801460715,
            "inf_Cs": 0.06561444276043552,
            "inf_Cw": 0.14935713017546387
        }
    },
    "Equipment": {
        "HVAC Heating": {
            "Equipment Name": "Boiler",
            "Fuel": "Natural gas",
            "Capacity (W)": 5148.380208888889,
            "EIR (-)": 1.282051282051282,
            "Rated Efficiency": "0.78 AFUE",
            "SHR (-)": null,
            "Conditioned Space Fraction (-)": 1.0,
            "Number of Speeds (-)": 1,
            "Rated Auxiliary Power (W)": 105.76923076923077,
            "Weekday Setpoints (C)": [22.222222222222285, 22.222222222222285, 22.222222222222285, 22.222222222222285, 22.222222222222285, 23.888888888888914, 23.888888888888914, 23.888888888888914, 23.888888888888914, 23.888888888888914, 23.888888888888914, 23.888888888888914, 23.888888888888914, 23.888888888888914, 23.888888888888914, 23.888888888888914, 23.888888888888914, 23.888888888888914, 23.888888888888914, 23.888888888888914, 22.222222222222285, 22.222222222222285, 22.222222222222285, 22.222222222222285],
            "Weekend Setpoints (C)": [22.222222222222285, 22.222222222222285, 22.222222222222285, 22.222222222222285, 22.222222222222285, 23.888888888888914, 23.888888888888914, 23.888888888888914, 23.888888888888914, 23.888888888888914, 23.888888888888914, 23.888888888888914, 23.888888888888914, 23.888888888888914, 23.888888888888914, 23.888888888888914, 23.888888888888914, 23.888888888888914, 23.888888888888914, 23.888888888888914, 22.222222222222285, 22.222222222222285, 22.222222222222285, 22.222222222222285]
        },
        "HVAC Cooling": {
            "Equipment Name": "central air conditioner",
            "Fuel": "Electricity",
            "Capacity (W)": 3459.411395555556,
            "EIR (-)": 0.262472396652952,
            "Rated Efficiency": "13.0 SEER",
            "SHR (-)": 0.73,
            "Conditioned Space Fraction (-)": 1.0,
            "Number of Speeds (-)": 1,
            "Rated Auxiliary Power (W)": 153.45200000000003,
            "Weekday Setpoints (C)": [20.000000000000057, 20.000000000000057, 20.000000000000057, 20.000000000000057, 20.000000000000057, 20.000000000000057, 20.000000000000057, 20.000000000000057, 20.000000000000057, 20.000000000000057, 20.000000000000057, 20.000000000000057, 20.000000000000057, 20.000000000000057, 20.000000000000057, 20.000000000000057, 20.000000000000057, 20.000000000000057, 20.000000000000057, 20.000000000000057, 20.000000000000057, 20.000000000000057, 20.000000000000057, 20.000000000000057],
            "Weekend Setpoints (C)": [20.000000000000057, 20.000000000000057, 20.000000000000057, 20.000000000000057, 20.000000000000057, 20.000000000000057, 20.000000000000057, 20.000000000000057, 20.000000000000057, 20.000000000000057, 20.000000000000057, 20.000000000000057, 20.000000000000057, 20.000000000000057, 20.000000000000057, 20.000000000000057, 20.000000000000057, 20.000000000000057, 20.000000000000057, 20.000000000000057, 20.000000000000057, 20.000000000000057, 20.000000000000057, 20.000000000000057]
        },
        "Water Heating": {
            "Equipment Name": "storage water heater",
            "Fuel": "Natural gas",
            "Zone": "Indoor",
            "Setpoint Temperature (C)": 51.666666666666686,
            "UA (W/K)": 4.174338563113251,
            "Efficiency (-)": 0.7740560188279427,
            "Energy Factor (-)": 0.59,
            "Tank Volume (L)": 143.84564779199997,
            "Tank Height (m)": 1.2191999999999998,
            "Capacity (W)": 11136.702222222222,