{
    "Occupancy": {
        "Number of Occupants (-)": 6.0,
        "weekday_fractions": [0.035, 0.035, 0.035, 0.035, 0.035, 0.059, 0.082, 0.055, 0.027, 0.014, 0.014, 0.014, 0.014, 0.014, 0.019, 0.027, 0.041, 0.055, 0.068, 0.082, 0.082, 0.07, 0.053, 0.035],
        "weekend_fractions": [0.035, 0.035, 0.035, 0.035, 0.035, 0.059, 0.082, 0.055, 0.027, 0.014, 0.014, 0.014, 0.014, 0.014, 0.019, 0.027, 0.041, 0.055, 0.068, 0.082, 0.082, 0.07, 0.053, 0.035],
        "month_multipliers": [1.0, 1.0, 1.0, 1.0, 1.0, 1.0, 1.0, 1.0, 1.0, 1.0, 1.0, 1.0]
    },
    "Construction": {
        "Number of Bedrooms (-)": 4,
        "Number of Bathrooms (-)": 2,
        "House Type": "single-family detached",
        "Total Floors": 2.0,
        "Indoor Floors": 2.0,
        "Conditioned Floor Area (m^2)": 157.74936191999998,
        "Conditioned Volume (m^3)": 384.6560441057279,
        "Ceiling Height (m)": 2.4383999999999997,
        "Foundation Type": "Unfinished Basement",
        "First Floor Area (m^2)": 78.87468095999999,
        "Attic Floor Area (m^2)": 88.18356556799999,
        "Garage Floor Area (m^2)": 0,
        "Garage Protruded Area (m^2)": 0,
        "Indoor Floor Area (m^2)": 157.74936191999998,
        "Number of Bedrooms, Adjusted (-)": 5.860000000000001
    },
    "Boundaries": {
        "Exterior Wall": {
            "Interior Zone": "Indoor",
            "Exterior Zone": "Outdoor",
            "Area (m^2)": [
                26.440205183999996,
                19.676863872,
                24.582144383999996,
                19.676863872
            ],
            "Azimuth (deg)": [
                180,
                270,
                0,
                90
            ],
            "Boundary R Value": 4.8,
            "Exterior Solar Absorptivity (-)": 0.85,
            "Exterior Emissivity (-)": 0.9,
            "Finish Type": "wood siding",
            "Construction Type": "WoodStud"
        },
        "Foundation Wall": {
            "Interior Zone": "Foundation",
            "Exterior Zone": "Ground",
            "Area (m^2)": [
                29.050780607999997,
                16.137258047999996,
                29.050780607999997,
                16.137258047999996
            ],
            "Azimuth (deg)": [
                180,
                270,
                0,
                90
            ],
            "Insulation Details": "Uninsulated",
            "Height (m)": 2.4383999999999997,
            "Construction Type": "Unfinished Basement"
        },
        "Foundation Ceiling": {
            "Interior Zone": "Indoor",
            "Exterior Zone": "Foundation",
            "Area (m^2)": [
                78.87468095999999
            ],
            "Boundary R Value": 5.3
        },
        "Foundation Floor": {
            "Interior Zone": "Foundation",
            "Exterior Zone": "Ground",
            "Area (m^2)": [
                78.87468095999999
            ],
            "Insulation Details": "Uninsulated"
        },
        "Roof": {
            "Interior Zone": "Indoor",
            "Exterior Zone": "Outdoor",
            "Area (m^2)": [
                44.091782783999996,
                44.091782783999996
            ],
            "Azimuth (deg)": [
                180,
                0
            ],
            "Boundary R Value": 3.7,
            "Exterior Solar Absorptivity (-)": 0.85,
            "Exterior Emissivity (-)": 0.9,
            "Finish Type": "asphalt or fiberglass shingles",
            "Construction Type": "Pitched",
            "Tilt (deg)": 26.56505117707799,
            "Radiant Barrier": false
        },
        "Rim Joist": {
            "Interior Zone": "Foundation",
            "Exterior Zone": "Outdoor",
            "Area (m^2)": [
                2.7963815039999997,
                1.5514807679999998,
                2.7963815039999997,
                1.5514807679999998
            ],
            "Azimuth (deg)": [
                180,
                270,
                0,
                90
            ],
            "Boundary R Value": 3.9,
            "Exterior Solar Absorptivity (-)": 0.85,
            "Exterior Emissivity (-)": 0.9,
            "Finish Type": "wood siding"
        },
        "Window": {
            "Interior Zone": "Indoor",
            "Exterior Zone": "Outdoor",
            "Area (m^2)": [
                2.610575424,
                1.9416735359999997,
                2.610575424,
                1.9416735359999997
            ],
            "Azimuth (deg)": [
                180,
                270,
                0,
                90
            ],
            "U Factor (W/m^2-K)": 0.34,
            "SHGC (-)": 0.49,
            "Shading Fraction (-)": 0.7
        },
        "Door": {
            "Interior Zone": "Indoor",
            "Exterior Zone": "Outdoor",
            "Area (m^2)": [
                1.8580607999999998
            ],
            "Azimuth (deg)": [
                0
            ],
            "Boundary R Value": 5.0
        },
        "Interior Wall": {
            "Area (m^2)": [
                157.74936191999998
            ],
            "Interior Zone": "Indoor",
            "Exterior Zone": "Indoor",
            "Insulation Level": "Standard"
        },
        "Indoor Furniture": {
            "Area (m^2)": [
                63.099744767999994
            ],
            "Interior Zone": "Indoor",
            "Exterior Zone": "Indoor",
            "Insulation Level": "Standard"
        },
        "Foundation Furniture": {
            "Area (m^2)": [
                31.549872383999997
            ],
            "Interior Zone": "Foundation",
            "Exterior Zone": "Foundation",
            "Insulation Level": "Standard"
        }
    },
    "Zones": {
        "Indoor": {
            "Zone Area (m^2)": 157.74936191999998,
            "Volume (m^3)": 384.6560441057279,
            "ELA stack coefficient (L/s/cm^4/K)": 0.00017928771712599802,
            "ELA wind coefficient (L/s/cm^4/(m/s))": 0.0001506030635210884,
            "Infiltration Method": "ASHRAE",
            "inf_f_t": 0.6120349677568974,
            "inf_sft": 0.4284244774298282,
            "inf_n_i": 0.65,
            "inf_c": 0.2081357453515685,
            "inf_Cs": 0.09469761906849986,
            "inf_Cw": 0.14935713017546387
        },
        "Foundation": {
            "Zone Type": "Unfinished Basement",
            "Zone Area (m^2)": 78.87468095999999,
            "Volume (m^3)": 192.32802205286396,
            "Vented": false,
            "Infiltration Method": null
        }
    },
    "Equipment": {
        "HVAC Heating": {
            "Equipment Name": "Furnace",
            "Fuel": "Natural gas",
            "Capacity (W)": 17702.081253333334,
            "EIR (-)": 1.25,
            "Rated Efficiency": "0.8 AFUE",
            "SHR (-)": null,
            "Conditioned Space Fraction (-)": 1.0,
            "Number of Speeds (-)": 1,
            "Rated Auxiliary Power (W)": 880.8625000000001,
            "Weekday Setpoints (C)": [20.000000000000057, 20.000000000000057, 20.000000000000057, 20.000000000000057, 20.000000000000057, 20.000000000000057, 20.000000000000057, 20.000000000000057, 20.000000000000057, 20.000000000000057, 20.000000000000057, 20.000000000000057, 20.000000000000057, 20.000000000000057, 20.000000000000057, 20.000000000000057, 20.000000000000057, 20.000000000000057, 20.000000000000057, 20.000000000000057, 20.000000000000057, 20.000000000000057, 20.000000000000057, 20.000000000000057],