{
    "Occupancy": {
        "Number of Occupants (-)": 1.0,
        "weekday_fractions": [0.035, 0.035, 0.035, 0.035, 0.035, 0.059, 0.082, 0.055, 0.027, 0.014, 0.014, 0.014, 0.014, 0.014, 0.019, 0.027, 0.041, 0.055, 0.068, 0.082, 0.082, 0.07, 0.053, 0.035],
        "weekend_fractions": [0.035, 0.035, 0.035, 0.035, 0.035, 0.059, 0.082, 0.055, 0.027, 0.014, 0.014, 0.014, 0.014, 0.014, 0.019, 0.027, 0.041, 0.055, 0.068, 0.082, 0.082, 0.07, 0.053, 0.035],
        "month_multipliers": [1.0, 1.0, 1.0, 1.0, 1.0, 1.0, 1.0, 1.0, 1.0, 1.0, 1.0, 1.0]
    },
    "Construction": {
        "Number of Bedrooms (-)": 4,
        "Number of Bathrooms (-)": 2,
        "House Type": "single-family detached",
        "Total Floors": 2.0,
        "Indoor Floors": 2.0,
        "Conditioned Floor Area (m^2)": 307.50906239999995,
        "Conditioned Volume (m^3)": 749.8300977561598,
        "Ceiling Height (m)": 2.4383999999999997,
        "Foundation Type": null,
        "First Floor Area (m^2)": 153.75453119999997,
        "Attic Floor Area (m^2)": 153.75453119999997,
        "Garage Floor Area (m^2)": 0,
        "Garage Protruded Area (m^2)": 0,
        "Indoor Floor Area (m^2)": 307.50906239999995,
        "Number of Bedrooms, Adjusted (-)": 0.41000000000000003
    },
    "Boundaries": {
        "Exterior Wall": {
            "Interior Zone": "Indoor",
            "Exterior Zone": "Outdoor",
            "Area (m^2)": [
                71.39598624,
                39.66959807999999,
                69.53792543999998,
                39.66959807999999
            ],
            "Azimuth (deg)": [
                180,
                270,
                0,
                90
            ],
            "Boundary R Value": 16.0,
            "Exterior Solar Absorptivity (-)": 0.7,
            "Exterior Emissivity (-)": 0.9,
            "Finish Type": "composite shingle siding",
            "Construction Type": "WoodStud"
        },
        "Attic Wall": {
            "Interior Zone": "Attic",
            "Exterior Zone": "Outdoor",
            "Area (m^2)": [
                10.674559296,
                10.674559296
            ],
            "Azimuth (deg)": [
                270,
                90
            ],
            "Boundary R Value": 4.0,
            "Exterior Solar Absorptivity (-)": 0.7,
            "Exterior Emissivity (-)": 0.9,
            "Finish Type": "composite shingle siding",
            "Construction Type": "WoodStud"
        },
        "Attic Floor": {
            "Interior Zone": "Indoor",
            "Exterior Zone": "Attic",
            "Area (m^2)": [
                153.75453119999997
            ],
            "Boundary R Value": 39.6
        },
        "Raised Floor": {
            "Interior Zone": "Indoor",
            "Exterior Zone": "Outdoor",
            "Area (m^2)": [
                153.75453119999997
            ],
            "Boundary R Value": 30.3
        },
        "Attic Roof": {
            "Interior Zone": "Attic",
            "Exterior Zone": "Outdoor",
            "Area (m^2)": [
                85.953892608,
                85.953892608
            ],
            "Azimuth (deg)": [
                180,
                0
            ],
            "Boundary R Value": 2.3,
            "Exterior Solar Absorptivity (-)": 0.85,
            "Exterior Emissivity (-)": 0.9,
            "Finish Type": "asphalt or fiberglass shingles",
            "Construction Type": "Pitched",
            "Tilt (deg)": 26.56505117707799,
            "Radiant Barrier": false
        },
        "Window": {
            "Interior Zone": "Indoor",
            "Exterior Zone": "Outdoor",
            "Area (m^2)": [
                9.736238592,
                5.406956928,
                9.736238592,
                5.406956928
            ],
            "Azimuth (deg)": [
                0,
                90,
                180,
                270
            ],
            "U Factor (W/m^2-K)": 0.49,
            "SHGC (-)": 0.56,
            "Shading Fraction (-)": 0.7
        },
        "Door": {
            "Interior Zone": "Indoor",
            "Exterior Zone": "Outdoor",
            "Area (m^2)": [
                1.8580607999999998
            ],
            "Azimuth (deg)": [
                0
            ],
            "Boundary R Value": 5.0
        },
        "Interior Wall": {
            "Area (m^2)": [
                307.50906239999995
            ],
            "Interior Zone": "Indoor",
            "Exterior Zone": "Indoor",
            "Insulation Level": "Standard"
        },
        "Indoor Furniture": {
            "Area (m^2)": [
                123.00362495999998
            ],
            "Interior Zone": "Indoor",
            "Exterior Zone": "Indoor",
            "Insulation Level": "Standard"
        }
    },
    "Zones": {
        "Indoor": {
            "Zone Area (m^2)": 307.50906239999995,
            "Volume (m^3)": 749.8300977561598,
            "ELA stack coefficient (L/s/cm^4/K)": 0.00017928771712599802,
            "ELA wind coefficient (L/s/cm^4/(m/s))": 0.0001506030635210884,
            "Infiltration Method": "ASHRAE",
            "inf_f_t": 0.6120349677568974,
            "inf_sft": 0.3060174838784487,
            "inf_n_i": 0.65,
            "inf_c": 0.06491677899775655,
            "inf_Cs": 0.08922394236492841,
            "inf_Cw": 0.16323354494299264
        },
        "Attic": {
            "Zone Area (m^2)": 153.75453119999997,
            "Volume (m^3)": 177.60611191285594,
            "Vented": true,
            "Infiltration Method": "ELA",
            "ELA (cm^2)": 5124.638524896,
            "ELA stack coefficient (L/s/cm^4/K)": 0.00016057612285186193,
            "ELA wind coefficient (L/s/cm^4/(m/s))": 6.979541528520448e-05
        }
    },
    "Equipment": {
        "HVAC Heating": {
            "Equipment Name": "Furnace",
            "Fuel": "Electricity",
            "Capacity (W)": 10588.659244444445,
            "EIR (-)": 1.0,
            "Rated Efficiency": "1.0 AFUE",
            "SHR (-)": null,
            "Conditioned Space Fraction (-)": 1.0,
            "Number of Speeds (-)": 1,
            "Rated Auxiliary Power (W)": 395.17187500000006,
            "Weekday Setpoints (C)": [22.222222222222285, 22.222222222222285, 22.222222222222285, 22.222222222222285, 22.222222222222285, 22.222222222222285, 22.222222222222285, 22.222222222222285, 22.222222222222285, 22.222222222222285, 22.222222222222285, 22.222222222222285, 22.222222222222285, 22.222222222222285, 22.222222222222285, 22.222222222222285, 22.222222222222285, 22.222222222222285, 22.222222222222285, 22.222222222222285, 22.222222222222285, 22.222222222222285, 22.222222222222285, 22.222222222222285],
            "Weekend Setpoints (C)": [22.222222222222285, 22.222222222222285, 22.222222222222285, 22.222222222222285, 22.222222222222285, 22.222222222222285, 22.222222222222285, 22.222222222222285, 22.222222222222285, 22.222222222222285, 22.222222222222285, 22.222222222222285, 22.222222222222285, 22.222222222222285, 22.222222222222285, 22.222222222222285, 22.222222222222285, 22.222222222222285, 22.222222222222285, 22.222222222222285, 22.222222222222285, 22.222222222222285, 22.222222222222285, 22.222222222222285],
            "Ducts": {
                "Zone": "Attic",
                "Supply Leakage (-)": 0.133,
                "Supply Area (ft^2)": 670.2750000000001,
                "Supply R Value": 8.0,
                "Return Leakage (-)": 0.067,
                "Return Area (ft^2)": 248.25,
                "Return R Value": 8.0
            }
        },
        "HVAC Cooling": {
            "Equipment Name": "central air conditioner",
            "Fuel": "Electricity",
            "Capacity (W)": 9321.41976,
            "EIR (-)": 0.262472396652952,
            "Rated Efficiency": "13.0 SEER",
            "SHR (-)": 0.73,
            "Conditioned Space Fraction (-)": 1.0,
            "Number of Speeds (-)": 1,