{
    "Occupancy": {
        "Number of Occupants (-)": 3.0,
        "weekday_fractions": [0.035, 0.035, 0.035, 0.035, 0.035, 0.059, 0.082, 0.055, 0.027, 0.014, 0.014, 0.014, 0.014, 0.014, 0.019, 0.027, 0.041, 0.055, 0.068, 0.082, 0.082, 0.07, 0.053, 0.035],
        "weekend_fractions": [0.035, 0.035, 0.035, 0.035, 0.035, 0.059, 0.082, 0.055, 0.027, 0.014, 0.014, 0.014, 0.014, 0.014, 0.019, 0.027, 0.041, 0.055, 0.068, 0.082, 0.082, 0.07, 0.053, 0.035],
        "month_multipliers": [1.0, 1.0, 1.0, 1.0, 1.0, 1.0, 1.0, 1.0, 1.0, 1.0, 1.0, 1.0]
    },
    "Construction": {
        "Number of Bedrooms (-)": 3,
        "Number of Bathrooms (-)": 2,
        "House Type": "single-family detached",
        "Total Floors": 2.0,
        "Indoor Floors": 1.0,
        "Conditioned Floor Area (m^2)": 114.08493311999999,
        "Conditioned Volume (m^3)": 278.18470091980794,
        "Ceiling Height (m)": 2.4383999999999997,
        "Foundation Type": "Finished Basement",
        "First Floor Area (m^2)": 57.042466559999994,
        "Attic Floor Area (m^2)": 57.042466559999994,
        "Garage Floor Area (m^2)": 0,
        "Garage Protruded Area (m^2)": 0,
        "Indoor Floor Area (m^2)": 57.042466559999994,
        "Number of Bedrooms, Adjusted (-)": 2.5900000000000003
    },
    "Boundaries": {
        "Exterior Wall": {
            "Interior Zone": "Indoor",
            "Exterior Zone": "Outdoor",
            "Area (m^2)": [
                22.491825984,
                12.49545888,
                20.633765183999998,
                12.49545888
            ],
            "Azimuth (deg)": [
                180,
                270,
                0,
                90
            ],
            "Boundary R Value": 4.8,
            "Exterior Solar Absorptivity (-)": 0.85,
            "Exterior Emissivity (-)": 0.9,
            "Finish Type": "wood siding",
            "Construction Type": "WoodStud"
        },
        "Foundation Wall": {
            "Interior Zone": "Foundation",
            "Exterior Zone": "Ground",
            "Area (m^2)": [
                24.712208639999997,
                13.731069312,
                24.712208639999997,
                13.731069312
            ],
            "Azimuth (deg)": [
                180,
                270,
                0,
                90
            ],
            "Insulation Details": "Uninsulated",
            "Height (m)": 2.4383999999999997,
            "Construction Type": "Finished Basement"
        },
        "Foundation Floor": {
            "Interior Zone": "Foundation",
            "Exterior Zone": "Ground",
            "Area (m^2)": [
                57.042466559999994
            ],
            "Insulation Details": "Uninsulated"
        },
        "Roof": {
            "Interior Zone": "Indoor",
            "Exterior Zone": "Outdoor",
            "Area (m^2)": [
                57.042466559999994
            ],
            "Boundary R Value": 36.5,
            "Exterior Solar Absorptivity (-)": 0.85,
            "Exterior Emissivity (-)": 0.9,
            "Finish Type": "asphalt or fiberglass shingles",
            "Construction Type": "Flat",
            "Tilt (deg)": 0.0,
            "Radiant Barrier": false
        },
        "Rim Joist": {
            "Interior Zone": "Foundation",
            "Exterior Zone": "Outdoor",
            "Area (m^2)": [
                2.378317824,
                1.3192231679999997,
                2.378317824,
                1.3192231679999997
            ],
            "Azimuth (deg)": [
                180,
                270,
                0,
                90
            ],
            "Boundary R Value": 3.9,
            "Exterior Solar Absorptivity (-)": 0.85,
            "Exterior Emissivity (-)": 0.9,
            "Finish Type": "wood siding"
        },
        "Window": {
            "Interior Zone": "Indoor",
            "Exterior Zone": "Outdoor",
            "Area (m^2)": [
                2.2203826559999995,
                1.2356104319999999,
                2.2203826559999995,
                1.2356104319999999
            ],
            "Azimuth (deg)": [
                180,
                270,
                0,
                90
            ],
            "U Factor (W/m^2-K)": 0.84,
            "SHGC (-)": 0.63,
            "Shading Fraction (-)": 0.7
        },
        "Door": {
            "Interior Zone": "Indoor",
            "Exterior Zone": "Outdoor",
            "Area (m^2)": [
                1.8580607999999998
            ],
            "Azimuth (deg)": [
                0
            ],
            "Boundary R Value": 5.0
        },
        "Interior Wall": {
            "Area (m^2)": [
                57.042466559999994
            ],
            "Interior Zone": "Indoor",
            "Exterior Zone": "Indoor",
            "Insulation Level": "Standard"
        },
        "Indoor Furniture": {
            "Area (m^2)": [
                22.816986624
            ],
            "Interior Zone": "Indoor",
            "Exterior Zone": "Indoor",
            "Insulation Level": "Standard"
        },
        "Foundation Furniture": {
            "Area (m^2)": [
                22.816986624
            ],
            "Interior Zone": "Foundation",
            "Exterior Zone": "Foundation",
            "Insulation Level": "Standard"
        }
    },
    "Zones": {
        "Indoor": {
            "Zone Area (m^2)": 57.042466559999994,
            "Volume (m^3)": 139.09235045990397,
            "ELA stack coefficient (L/s/cm^4/K)": 8.964385856299901e-05,
            "ELA wind coefficient (L/s/cm^4/(m/s))": 0.00011413577917306574,
            "Infiltration Method": "ASHRAE",
            "inf_f_t": 0.5488464442394946,
            "inf_sft": 0.38419251096764623,
            "inf_n_i": 0.65,
            "inf_c": 0.18062946663726218,
            "inf_Cs": 0.07461805998879097,
            "inf_Cw": 0.14935713017546387
        },
        "Foundation": {
            "Zone Type": "Finished Basement",
            "Zone Area (m^2)": 57.042466559999994,
            "Volume (m^3)": 139.09235045990397,
            "Vented": false,
            "Infiltration Method": null
        }
    },
    "Equipment": {
        "HVAC Heating": {
            "Equipment Name": "Furnace",
            "Fuel": "Natural gas",
            "Capacity (W)": 9149.680088888888,
            "EIR (-)": 1.25,
            "Rated Efficiency": "0.8 AFUE",
            "SHR (-)": null,
            "Conditioned Space Fraction (-)": 1.0,
            "Number of Speeds (-)": 1,
            "Rated Auxiliary Power (W)": 455.29166666666663,
            "Weekday Setpoints (C)": [14.444444444444457, 14.444444444444457, 21.111111111111143, 21.111111111111143, 21.111111111111143, 21.111111111111143, 21.111111111111143, 21.111111111111143, 21.111111111111143, 21.111111111111143, 21.111111111111143, 21.111111111111143, 21.111111111111143, 21.111111111111143, 21.111111111111143, 21.111111111111143, 21.111111111111143, 14.444444444444457, 14.444444444444457, 14.444444444444457, 14.444444444444457, 14.444444444444457, 14.444444444444457, 14.444444444444457],
            "Weekend Setpoints (C)": [14.444444444444457, 14.444444444444457, 21.111111111111143, 21.111111111111143, 21.111111111111143, 21.111111111111143, 21.111111111111143, 21.111111111111143, 21.111111111111143, 21.111111111111143, 21.111111111111143, 21.111111111111143, 21.111111111111143, 21.111111111111143, 21.111111111111143, 21.111111111111143, 21.111111111111143, 14.444444444444457, 14.444444444444457, 14.444444444444457, 14.444444444444457, 14.444444444444457, 14.444444444444457, 14.444444444444457],
            "Ducts": {
                "Zone": "Foundation",
                "Supply Leakage (-)": 0.0,
                "Supply Area (ft^2)": 331.56,
                "Supply R Value": 0.0,
                "Return Leakage (-)": 0.0,
                "Return Area (ft^2)": 122.80000000000001,