{
    "Occupancy": {
        "Number of Occupants (-)": 3.0,
        "weekday_fractions": [0.035, 0.035, 0.035, 0.035, 0.035, 0.059, 0.082, 0.055, 0.027, 0.014, 0.014, 0.014, 0.014, 0.014, 0.019, 0.027, 0.041, 0.055, 0.068, 0.082, 0.082, 0.07, 0.053, 0.035],
        "weekend_fractions": [0.035, 0.035, 0.035, 0.035, 0.035, 0.059, 0.082, 0.055, 0.027, 0.014, 0.014, 0.014, 0.014, 0.014, 0.019, 0.027, 0.041, 0.055, 0.068, 0.082, 0.082, 0.07, 0.053, 0.035],
        "month_multipliers": [1.0, 1.0, 1.0, 1.0, 1.0, 1.0, 1.0, 1.0, 1.0, 1.0, 1.0, 1.0]
    },
    "Construction": {
        "Number of Bedrooms (-)": 2,
        "Number of Bathrooms (-)": 1,
        "House Type": "manufactured home",
        "Total Floors": 1.0,
        "Indoor Floors": 1.0,
        "Conditioned Floor Area (m^2)": 81.84757823999999,
        "Conditioned Volume (m^3)": 199.57713478041595,
        "Ceiling Height (m)": 2.4383999999999997,
        "Foundation Type": null,
        "First Floor Area (m^2)": 81.84757823999999,
        "Attic Floor Area (m^2)": 81.84757823999999,
        "Garage Floor Area (m^2)": 0,
        "Garage Protruded Area (m^2)": 0,
        "Indoor Floor Area (m^2)": 81.84757823999999,
        "Number of Bedrooms, Adjusted (-)": 2.5900000000000003
    },
    "Boundaries": {
        "Exterior Wall": {
            "Interior Zone": "Indoor",
            "Exterior Zone": "Outdoor",
            "Area (m^2)": [
                24.275564352,
                13.480231103999998,
                22.417503552,
                13.480231103999998
            ],
            "Azimuth (deg)": [
                0,
                90,
                180,
                270
            ],
            "Boundary R Value": 9.399999999999999,
            "Exterior Solar Absorptivity (-)": 0.5,
            "Exterior Emissivity (-)": 0.9,
            "Finish Type": "brick veneer",
            "Construction Type": "WoodStud"
        },
        "Raised Floor": {
            "Interior Zone": "Indoor",
            "Exterior Zone": "Outdoor",
            "Area (m^2)": [
                81.84757823999999
            ],
            "Boundary R Value": 5.3
        },
        "Roof": {
            "Interior Zone": "Indoor",
            "Exterior Zone": "Outdoor",
            "Area (m^2)": [
                81.84757823999999
            ],
            "Boundary R Value": 29.7,
            "Exterior Solar Absorptivity (-)": 0.9,
            "Exterior Emissivity (-)": 0.9,
            "Finish Type": "metal surfacing",
            "Construction Type": "Flat",
            "Tilt (deg)": 0.0,
            "Radiant Barrier": false
        },
        "Window": {
            "Interior Zone": "Indoor",
            "Exterior Zone": "Outdoor",
            "Area (m^2)": [
                5.3233441919999995,
                2.9636069759999994,
                5.3233441919999995,
                2.9636069759999994
            ],
            "Azimuth (deg)": [
                0,
                90,
                180,
                270
            ],
            "U Factor (W/m^2-K)": 0.47,
            "SHGC (-)": 0.54,
            "Shading Fraction (-)": 0.7
        },
        "Door": {
            "Interior Zone": "Indoor",
            "Exterior Zone": "Outdoor",
            "Area (m^2)": [
                1.8580607999999998
            ],
            "Azimuth (deg)": [
                180
            ],
            "Boundary R Value": 5.0
        },
        "Interior Wall": {
            "Area (m^2)": [
                81.84757823999999
            ],
            "Interior Zone": "Indoor",
            "Exterior Zone": "Indoor",
            "Insulation Level": "Standard"
        },
        "Indoor Furniture": {
            "Area (m^2)": [
                32.739031296
            ],
            "Interior Zone": "Indoor",
            "Exterior Zone": "Indoor",
            "Insulation Level": "Standard"
        }
    },
    "Zones": {
        "Indoor": {
            "Zone Area (m^2)": 81.84757823999999,
            "Volume (m^3)": 199.57713478041595,
            "ELA stack coefficient (L/s/cm^4/K)": 8.964385856299901e-05,
            "ELA wind coefficient (L/s/cm^4/(m/s))": 0.00011413577917306574,
            "Infiltration Method": "ASHRAE",
            "inf_f_t": 0.5254720692073672,
            "inf_sft": 0.2627360346036836,
            "inf_n_i": 0.65,
            "inf_c": 0.17278453866170249,
            "inf_Cs": 0.056860661976270405,
            "inf_Cw": 0.16323354494299264
        }
    },
    "Equipment": {
        "HVAC Heating": {
            "Equipment Name": "ElectricResistance",
            "Fuel": "Electricity",
            "Capacity (W)": 8703.039715555557,
            "EIR (-)": 1.0,
            "Rated Efficiency": "100.0 Percent",
            "SHR (-)": null,
            "Conditioned Space Fraction (-)": 1.0,
            "Number of Speeds (-)": 1,
            "Rated Auxiliary Power (W)": 0,
            "Weekday Setpoints (C)": [17.77777777777783, 17.77777777777783, 17.77777777777783, 17.77777777777783, 17.77777777777783, 17.77777777777783, 21.111111111111143, 21.111111111111143, 21.111111111111143, 21.111111111111143, 21.111111111111143, 21.111111111111143, 21.111111111111143, 21.111111111111143, 21.111111111111143, 21.111111111111143, 21.111111111111143, 21.111111111111143, 21.111111111111143, 21.111111111111143, 21.111111111111143, 17.77777777777783, 17.77777777777783, 17.77777777777783],
            "Weekend Setpoints (C)": [17.77777777777783, 17.77777777777783, 17.77777777777783, 17.77777777777783, 17.77777777777783, 17.77777777777783, 21.111111111111143, 21.111111111111143, 21.111111111111143, 21.111111111111143, 21.111111111111143, 21.111111111111143, 21.111111111111143, 21.111111111111143, 21.111111111111143, 21.111111111111143, 21.111111111111143, 21.111111111111143, 21.111111111111143, 21.111111111111143, 21.111111111111143, 17.77777777777783, 17.77777777777783, 17.77777777777783]
        },
        "HVAC Cooling": {
            "Equipment Name": "central air conditioner",
            "Fuel": "Electricity",
            "Capacity (W)": 4161.902848888889,
            "EIR (-)": 0.22747607709922504,
            "Rated Efficiency": "15.0 SEER",
            "SHR (-)": 0.73,
            "Conditioned Space Fraction (-)": 1.0,
            "Number of Speeds (-)": 1,
            "Rated Auxiliary Power (W)": 138.45975,
            "Weekday Setpoints (C)": [22.77777777777783, 22.77777777777783, 20.000000000000057, 20.000000000000057, 20.000000000000057, 20.000000000000057, 20.000000000000057, 20.000000000000057, 20.000000000000057, 20.000000000000057, 20.000000000000057, 20.000000000000057, 20.000000000000057, 20.000000000000057, 20.000000000000057, 20.000000000000057, 20.000000000000057, 22.77777777777783, 22.77777777777783, 22.77777777777783, 22.77777777777783, 22.77777777777783, 22.77777777777783, 22.77777777777783],
            "Weekend Setpoints (C)": [22.77777777777783, 22.77777777777783, 20.000000000000057, 20.000000000000057, 20.000000000000057, 20.000000000000057, 20.000000000000057, 20.000000000000057, 20.000000000000057, 20.000000000000057, 20.000000000000057, 20.000000000000057, 20.000000000000057, 20.000000000000057, 20.000000000000057, 20.000000000000057, 20.000000000000057, 22.77777777777783, 22.77777777777783, 22.77777777777783, 22.77777777777783, 22.77777777777783, 22.77777777777783, 22.77777777777783]
        },
        "Water Heating": {
            "Equipment Name": "storage water heater",
            "Fuel": "Electricity",
            "Zone": "Indoor",
            "Setpoint Temperature (C)": 51.666666666666686,
            "UA (W/K)": 1.1635681296899638,
            "Efficiency (-)": 1.0,
            "Energy Factor (-)": 0.92,
            "Tank Volume (L)": 102.20611816799997,
            "Tank Height (m)": 1.2191999999999998,
            "Capacity (W)": 3499.855208888889,