{
    "Occupancy": {
        "Number of Occupants (-)": 2.0,
        "weekday_fractions": [0.035, 0.035, 0.035, 0.035, 0.035, 0.059, 0.082, 0.055, 0.027, 0.014, 0.014, 0.014, 0.014, 0.014, 0.019, 0.027, 0.041, 0.055, 0.068, 0.082, 0.082, 0.07, 0.053, 0.035],
        "weekend_fractions": [0.035, 0.035, 0.035, 0.035, 0.035, 0.059, 0.082, 0.055, 0.027, 0.014, 0.014, 0.014, 0.014, 0.014, 0.019, 0.027, 0.041, 0.055, 0.068, 0.082, 0.082, 0.07, 0.053, 0.035],
        "month_multipliers": [1.0, 1.0, 1.0, 1.0, 1.0, 1.0, 1.0, 1.0, 1.0, 1.0, 1.0, 1.0]
    },
    "Construction": {
        "Number of Bedrooms (-)": 2,
        "Number of Bathrooms (-)": 1,
        "House Type": "single-family attached",
        "Total Floors": 3.0,
        "Indoor Floors": 2.0,
        "Conditioned Floor Area (m^2)": 155.89130111999998,
        "Conditioned Volume (m^3)": 380.1253486510079,
        "Ceiling Height (m)": 2.4383999999999997,
        "Foundation Type": "Finished Basement",
        "First Floor Area (m^2)": 51.960670271999994,
        "Attic Floor Area (m^2)": 51.960670271999994,
        "Garage Floor Area (m^2)": 0,
        "Garage Protruded Area (m^2)": 0,
        "Indoor Floor Area (m^2)": 103.93063084799999,
        "Number of Bedrooms, Adjusted (-)": 1.91
    },
    "Boundaries": {
        "Exterior Wall": {
            "Interior Zone": "Indoor",
            "Exterior Zone": "Outdoor",
            "Area (m^2)": [
                23.067824832000003,
                21.200473728
            ],
            "Azimuth (deg)": [
                0,
                180
            ],
            "Boundary R Value": 4.8,
            "Exterior Solar Absorptivity (-)": 0.85,
            "Exterior Emissivity (-)": 0.9,
            "Finish Type": "wood siding",
            "Construction Type": "WoodStud"
        },
        "Adjacent Wall": {
            "Interior Zone": "Indoor",
            "Exterior Zone": "Indoor",
            "Area (m^2)": [
                47.166873407999994,
                47.166873407999994
            ],
            "Azimuth (deg)": [
                90,
                270
            ],
            "Boundary R Value": 4.0,
            "Construction Type": "WoodStud"
        },
        "Foundation Wall": {
            "Interior Zone": "Foundation",
            "Exterior Zone": "Ground",
            "Area (m^2)": [
                13.09932864,
                13.09932864
            ],
            "Azimuth (deg)": [
                0,
                180
            ],
            "Insulation Details": "Uninsulated",
            "Height (m)": 2.4383999999999997,
            "Construction Type": "Finished Basement"
        },
        "Adjacent Foundation Wall": {
            "Interior Zone": "Foundation",
            "Exterior Zone": "Foundation",
            "Area (m^2)": [
                23.578791552,
                23.578791552
            ],
            "Azimuth (deg)": [
                90,
                270
            ],
            "Construction Type": "Finished Basement"
        },
        "Foundation Floor": {
            "Interior Zone": "Foundation",
            "Exterior Zone": "Ground",
            "Area (m^2)": [
                51.960670271999994
            ],
            "Insulation Details": "Uninsulated"
        },
        "Roof": {
            "Interior Zone": "Indoor",
            "Exterior Zone": "Outdoor",
            "Area (m^2)": [
                51.960670271999994
            ],
            "Boundary R Value": 14.3,
            "Exterior Solar Absorptivity (-)": 0.75,
            "Exterior Emissivity (-)": 0.9,
            "Finish Type": "slate or tile shingles",
            "Construction Type": "Flat",
            "Tilt (deg)": 0.0,
            "Radiant Barrier": false
        },
        "Rim Joist": {
            "Interior Zone": "Foundation",
            "Exterior Zone": "Outdoor",
            "Area (m^2)": [
                1.263481344,
                1.263481344
            ],
            "Azimuth (deg)": [
                0,
                180
            ],
            "Boundary R Value": 3.9,
            "Exterior Solar Absorptivity (-)": 0.85,
            "Exterior Emissivity (-)": 0.9,
            "Finish Type": "wood siding"
        },
        "Adjacent Rim Joist": {
            "Interior Zone": "Foundation",
            "Exterior Zone": "Foundation",
            "Area (m^2)": [
                2.27612448,
                2.27612448
            ],
            "Azimuth (deg)": [
                90,
                270
            ],
            "Boundary R Value": 4.0
        },
        "Window": {
            "Interior Zone": "Indoor",
            "Exterior Zone": "Outdoor",
            "Area (m^2)": [
                3.1401227519999995,
                3.1494130559999998
            ],
            "Azimuth (deg)": [
                0,
                180
            ],
            "U Factor (W/m^2-K)": 0.76,
            "SHGC (-)": 0.67,
            "Shading Fraction (-)": 0.7
        },
        "Door": {
            "Interior Zone": "Indoor",
            "Exterior Zone": "Outdoor",
            "Area (m^2)": [
                1.8580607999999998
            ],
            "Azimuth (deg)": [
                180
            ],
            "Boundary R Value": 5.0
        },
        "Interior Wall": {
            "Area (m^2)": [
                103.93063084799999
            ],
            "Interior Zone": "Indoor",
            "Exterior Zone": "Indoor",
            "Insulation Level": "Standard"
        },
        "Indoor Furniture": {
            "Area (m^2)": [
                41.5722523392
            ],
            "Interior Zone": "Indoor",
            "Exterior Zone": "Indoor",
            "Insulation Level": "Standard"
        },
        "Foundation Furniture": {
            "Area (m^2)": [
                20.7842681088
            ],
            "Interior Zone": "Foundation",
            "Exterior Zone": "Foundation",
            "Insulation Level": "Standard"
        }
    },
    "Zones": {
        "Indoor": {
            "Zone Area (m^2)": 103.93063084799999,
            "Volume (m^3)": 253.42445025976315,
            "ELA stack coefficient (L/s/cm^4/K)": 0.00017928771712599802,
            "ELA wind coefficient (L/s/cm^4/(m/s))": 0.0001506030635210884,
            "Infiltration Method": "ASHRAE",
            "inf_f_t": 0.626171761180519,
            "inf_sft": 0.43832023282636334,
            "inf_n_i": 0.65,
            "inf_c": 0.1234105232155236,
            "inf_Cs": 0.10130712799048622,
            "inf_Cw": 0.14935713017546387
        },
        "Foundation": {
            "Zone Type": "Finished Basement",
            "Zone Area (m^2)": 51.960670271999994,
            "Volume (m^3)": 126.70089839124476,
            "Vented": false,
            "Infiltration Method": null
        }
    },
    "Equipment": {
        "HVAC Heating": {
            "Equipment Name": "Furnace",
            "Fuel": "Fuel oil",
            "Capacity (W)": 5502.410111111111,
            "EIR (-)": 1.25,
            "Rated Efficiency": "0.8 AFUE",
            "SHR (-)": null,
            "Conditioned Space Fraction (-)": 1.0,
            "Number of Speeds (-)": 1,
            "Rated Auxiliary Power (W)": 273.80208333333337,
            "Weekday Setpoints (C)": [14.444444444444457, 14.444444444444457, 21.111111111111143, 21.111111111111143, 21.111111111111143, 21.111111111111143, 21.111111111111143, 21.111111111111143, 21.111111111111143, 21.111111111111143, 21.111111111111143, 21.111111111111143, 21.111111111111143, 21.111111111111143, 21.111111111111143, 21.111111111111143, 21.111111111111143, 14.444444444444457, 14.444444444444457, 14.444444444444457, 14.444444444444457, 14.444444444444457, 14.444444444444457, 14.444444444444457],