{
    "Occupancy": {
        "Number of Occupants (-)": 4.0,
        "weekday_fractions": [0.035, 0.035, 0.035, 0.035, 0.035, 0.059, 0.082, 0.055, 0.027, 0.014, 0.014, 0.014, 0.014, 0.014, 0.019, 0.027, 0.041, 0.055, 0.068, 0.082, 0.082, 0.07, 0.053, 0.035],
        "weekend_fractions": [0.035, 0.035, 0.035, 0.035, 0.035, 0.059, 0.082, 0.055, 0.027, 0.014, 0.014, 0.014, 0.014, 0.014, 0.019, 0.027, 0.041, 0.055, 0.068, 0.082, 0.082, 0.07, 0.053, 0.035],
        "month_multipliers": [1.0, 1.0, 1.0, 1.0, 1.0, 1.0, 1.0, 1.0, 1.0, 1.0, 1.0, 1.0]
    },
    "Construction": {
        "Number of Bedrooms (-)": 2,
        "Number of Bathrooms (-)": 1,
        "House Type": "single-family detached",
        "Total Floors": 1.0,
        "Indoor Floors": 1.0,
        "Conditioned Floor Area (m^2)": 58.90052736,
        "Conditioned Volume (m^3)": 143.62304591462396,
        "Ceiling Height (m)": 2.4383999999999992,
        "Foundation Type": "Crawlspace",
        "First Floor Area (m^2)": 58.90052736,
        "Attic Floor Area (m^2)": 58.90052736,
        "Garage Floor Area (m^2)": 0,
        "Garage Protruded Area (m^2)": 0,
        "Indoor Floor Area (m^2)": 58.90052736,
        "Number of Bedrooms, Adjusted (-)": 3.68
    },
    "Boundaries": {
        "Exterior Wall": {
            "Interior Zone": "Indoor",
            "Exterior Zone": "Outdoor",
            "Area (m^2)": [
                23.606662464,
                13.108618943999998,
                21.748601664,
                13.108618943999998
            ],
            "Azimuth (deg)": [
                90,
                180,
                270,
                0
            ],
            "Boundary R Value": 4.8,
            "Exterior Solar Absorptivity (-)": 0.85,
            "Exterior Emissivity (-)": 0.9,
            "Finish Type": "wood siding",
            "Construction Type": "WoodStud"
        },
        "Foundation Wall": {
            "Interior Zone": "Foundation",
            "Exterior Zone": "Ground",
            "Area (m^2)": [
                12.551200703999998,
                6.977018303999999,
                12.551200703999998,
                6.977018303999999
            ],
            "Azimuth (deg)": [
                90,
                180,
                270,
                0
            ],
            "Insulation Details": "Uninsulated",
            "Height (m)": 1.2191999999999998,
            "Construction Type": "Crawlspace"
        },
        "Foundation Ceiling": {
            "Interior Zone": "Indoor",
            "Exterior Zone": "Foundation",
            "Area (m^2)": [
                58.90052736
            ],
            "Boundary R Value": 5.3
        },
        "Foundation Floor": {
            "Interior Zone": "Foundation",
            "Exterior Zone": "Ground",
            "Area (m^2)": [
                58.90052736
            ],
            "Insulation Details": "Uninsulated"
        },
        "Roof": {
            "Interior Zone": "Indoor",
            "Exterior Zone": "Outdoor",
            "Area (m^2)": [
                58.90052736
            ],
            "Boundary R Value": 14.3,
            "Exterior Solar Absorptivity (-)": 0.85,
            "Exterior Emissivity (-)": 0.9,
            "Finish Type": "asphalt or fiberglass shingles",
            "Construction Type": "Flat",
            "Tilt (deg)": 0.0,
            "Radiant Barrier": false
        },
        "Rim Joist": {
            "Interior Zone": "Foundation",
            "Exterior Zone": "Outdoor",
            "Area (m^2)": [
                2.4154790399999997,
                1.34709408,
                2.4154790399999997,
                1.34709408
            ],
            "Azimuth (deg)": [
                90,
                180,
                270,
                0
            ],
            "Boundary R Value": 3.9,
            "Exterior Solar Absorptivity (-)": 0.85,
            "Exterior Emissivity (-)": 0.9,
            "Finish Type": "wood siding"
        },
        "Window": {
            "Interior Zone": "Indoor",
            "Exterior Zone": "Outdoor",
            "Area (m^2)": [
                1.5050292479999998,
                0.8361273599999999,
                1.5050292479999998,
                0.8361273599999999
            ],
            "Azimuth (deg)": [
                90,
                180,
                270,
                0
            ],
            "U Factor (W/m^2-K)": 0.76,
            "SHGC (-)": 0.67,
            "Shading Fraction (-)": 0.7
        },
        "Door": {
            "Interior Zone": "Indoor",
            "Exterior Zone": "Outdoor",
            "Area (m^2)": [
                1.8580607999999998
            ],
            "Azimuth (deg)": [
                270
            ],
            "Boundary R Value": 5.0
        },
        "Interior Wall": {
            "Area (m^2)": [
                58.90052736
            ],
            "Interior Zone": "Indoor",
            "Exterior Zone": "Indoor",
            "Insulation Level": "Standard"
        },
        "Indoor Furniture": {
            "Area (m^2)": [
                23.560210944
            ],
            "Interior Zone": "Indoor",
            "Exterior Zone": "Indoor",
            "Insulation Level": "Standard"
        },
        "Foundation Furniture": {
            "Area (m^2)": [
                23.560210944
            ],
            "Interior Zone": "Foundation",
            "Exterior Zone": "Foundation",
            "Insulation Level": "Standard"
        }
    },
    "Zones": {
        "Indoor": {
            "Zone Area (m^2)": 58.90052736,
            "Volume (m^3)": 143.62304591462396,
            "ELA stack coefficient (L/s/cm^4/K)": 8.964385856299898e-05,
            "ELA wind coefficient (L/s/cm^4/(m/s))": 0.00011413577917306574,
            "Infiltration Method": "ASHRAE",
            "inf_f_t": 0.5254720692073672,
            "inf_sft": 0.3678304484451571,
            "inf_n_i": 0.65,
            "inf_c": 0.06217105420631067,
            "inf_Cs": 0.07099091072735328,
            "inf_Cw": 0.12734327359265907
        },
        "Foundation": {
            "Zone Type": "Crawlspace",
            "Zone Area (m^2)": 58.90052736,
            "Volume (m^3)": 71.811522957312,
            "Vented": true,
            "Infiltration Method": "ELA",
            "ELA (cm^2)": 3926.8981590912,
            "ELA stack coefficient (L/s/cm^4/K)": 4.4821929281499506e-05,
            "ELA wind coefficient (L/s/cm^4/(m/s))": 8.64987456620941e-05
        }
    },
    "Equipment": {
        "HVAC Heating": {
            "Equipment Name": "Furnace",
            "Fuel": "Natural gas",
            "Capacity (W)": 8822.319657777778,
            "EIR (-)": 1.081081081081081,
            "Rated Efficiency": "0.925 AFUE",
            "SHR (-)": null,
            "Conditioned Space Fraction (-)": 1.0,
            "Number of Speeds (-)": 1,
            "Rated Auxiliary Power (W)": 329.25156250000003,
            "Weekday Setpoints (C)": [20.000000000000057, 18.33333333333337, 18.33333333333337, 18.33333333333337, 18.33333333333337, 18.33333333333337, 18.33333333333337, 18.33333333333337, 18.33333333333337, 18.33333333333337, 20.000000000000057, 20.000000000000057, 20.000000000000057, 20.000000000000057, 20.000000000000057, 20.000000000000057, 20.000000000000057, 20.000000000000057, 20.000000000000057, 20.000000000000057, 20.000000000000057, 20.000000000000057, 20.000000000000057, 20.000000000000057],