{
    "Occupancy": {
        "Number of Occupants (-)": 3.0,
        "weekday_fractions": [0.035, 0.035, 0.035, 0.035, 0.035, 0.059, 0.082, 0.055, 0.027, 0.014, 0.014, 0.014, 0.014, 0.014, 0.019, 0.027, 0.041, 0.055, 0.068, 0.082, 0.082, 0.07, 0.053, 0.035],
        "weekend_fractions": [0.035, 0.035, 0.035, 0.035, 0.035, 0.059, 0.082, 0.055, 0.027, 0.014, 0.014, 0.014, 0.014, 0.014, 0.019, 0.027, 0.041, 0.055, 0.068, 0.082, 0.082, 0.07, 0.053, 0.035],
        "month_multipliers": [1.0, 1.0, 1.0, 1.0, 1.0, 1.0, 1.0, 1.0, 1.0, 1.0, 1.0, 1.0]
    },
    "Construction": {
        "Number of Bedrooms (-)": 5,
        "Number of Bathrooms (-)": 3,
        "House Type": "single-family detached",
        "Total Floors": 1.0,
        "Indoor Floors": 1.0,
        "Conditioned Floor Area (m^2)": 202.43572415999998,
        "Conditioned Volume (m^3)": 493.6192697917439,
        "Ceiling Height (m)": 2.4383999999999997,
        "Foundation Type": "Crawlspace",
        "First Floor Area (m^2)": 202.43572415999998,
        "Attic Floor Area (m^2)": 202.43572415999998,
        "Garage Floor Area (m^2)": 0,
        "Garage Protruded Area (m^2)": 0,
        "Indoor Floor Area (m^2)": 202.43572415999998,
        "Number of Bedrooms, Adjusted (-)": 2.5900000000000003
    },
    "Boundaries": {
        "Exterior Wall": {
            "Interior Zone": "Indoor",
            "Exterior Zone": "Outdoor",
            "Area (m^2)": [
                43.748041535999995,
                24.303435264,
                41.88998073599999,
                24.303435264
            ],
            "Azimuth (deg)": [
                270,
                0,
                90,
                180
            ],
            "Boundary R Value": 4.0,
            "Exterior Solar Absorptivity (-)": 0.5,
            "Exterior Emissivity (-)": 0.9,
            "Finish Type": "aluminum siding",
            "Construction Type": "WoodStud"
        },
        "Attic Wall": {
            "Interior Zone": "Attic",
            "Exterior Zone": "Outdoor",
            "Area (m^2)": [
                14.056229952,
                14.056229952
            ],
            "Azimuth (deg)": [
                0,
                180
            ],
            "Boundary R Value": 4.0,
            "Exterior Solar Absorptivity (-)": 0.5,
            "Exterior Emissivity (-)": 0.9,
            "Finish Type": "aluminum siding",
            "Construction Type": "WoodStud"
        },
        "Foundation Wall": {
            "Interior Zone": "Foundation",
            "Exterior Zone": "Ground",
            "Area (m^2)": [
                23.27221152,
                12.932103167999998,
                23.27221152,
                12.932103167999998
            ],
            "Azimuth (deg)": [
                270,
                0,
                90,
                180
            ],
            "Insulation Details": "Uninsulated",
            "Height (m)": 1.2191999999999998,
            "Construction Type": "Crawlspace"
        },
        "Attic Floor": {
            "Interior Zone": "Indoor",
            "Exterior Zone": "Attic",
            "Area (m^2)": [
                202.43572415999998
            ],
            "Boundary R Value": 39.6
        },
        "Foundation Ceiling": {
            "Interior Zone": "Indoor",
            "Exterior Zone": "Foundation",
            "Area (m^2)": [
                202.43572415999998
            ],
            "Boundary R Value": 5.3
        },
        "Foundation Floor": {
            "Interior Zone": "Foundation",
            "Exterior Zone": "Ground",
            "Area (m^2)": [
                202.43572415999998
            ],
            "Insulation Details": "Uninsulated"
        },
        "Attic Roof": {
            "Interior Zone": "Attic",
            "Exterior Zone": "Outdoor",
            "Area (m^2)": [
                113.16519302399998,
                113.16519302399998
            ],
            "Azimuth (deg)": [
                270,
                90
            ],
            "Boundary R Value": 2.3,
            "Exterior Solar Absorptivity (-)": 0.85,
            "Exterior Emissivity (-)": 0.9,
            "Finish Type": "asphalt or fiberglass shingles",
            "Construction Type": "Pitched",
            "Tilt (deg)": 26.56505117707799,
            "Radiant Barrier": false
        },
        "Rim Joist": {
            "Interior Zone": "Foundation",
            "Exterior Zone": "Outdoor",
            "Area (m^2)": [
                4.487216832,
                2.489801472,
                4.487216832,
                2.489801472
            ],
            "Azimuth (deg)": [
                270,
                0,
                90,
                180
            ],
            "Boundary R Value": 3.1,
            "Exterior Solar Absorptivity (-)": 0.5,
            "Exterior Emissivity (-)": 0.9,
            "Finish Type": "aluminum siding"
        },
        "Window": {
            "Interior Zone": "Indoor",
            "Exterior Zone": "Outdoor",
            "Area (m^2)": [
                2.7963815039999997,
                1.5514807679999998,
                2.7963815039999997,
                1.5514807679999998
            ],
            "Azimuth (deg)": [
                270,
                0,
                90,
                180
            ],
            "U Factor (W/m^2-K)": 0.38,
            "SHGC (-)": 0.44,
            "Shading Fraction (-)": 0.7
        },
        "Door": {
            "Interior Zone": "Indoor",
            "Exterior Zone": "Outdoor",
            "Area (m^2)": [
                1.8580607999999998
            ],
            "Azimuth (deg)": [
                90
            ],
            "Boundary R Value": 5.0
        },
        "Interior Wall": {
            "Area (m^2)": [
                202.43572415999998
            ],
            "Interior Zone": "Indoor",
            "Exterior Zone": "Indoor",
            "Insulation Level": "Standard"
        },
        "Indoor Furniture": {
            "Area (m^2)": [
                80.974289664
            ],
            "Interior Zone": "Indoor",
            "Exterior Zone": "Indoor",
            "Insulation Level": "Standard"
        },
        "Foundation Furniture": {
            "Area (m^2)": [
                80.974289664
            ],
            "Interior Zone": "Foundation",
            "Exterior Zone": "Foundation",
            "Insulation Level": "Standard"
        }
    },
    "Zones": {
        "Indoor": {
            "Zone Area (m^2)": 202.43572415999998,
            "Volume (m^3)": 493.6192697917439,
            "ELA stack coefficient (L/s/cm^4/K)": 8.964385856299901e-05,
            "ELA wind coefficient (L/s/cm^4/(m/s))": 0.00011413577917306574,
            "Infiltration Method": "ASHRAE",
            "inf_f_t": 0.5254720692073672,
            "inf_sft": 0.2627360346036836,
            "inf_n_i": 0.65,
            "inf_c": 0.26709528216788436,
            "inf_Cs": 0.05549283942636408,
            "inf_Cw": 0.10156623432739614
        },
        "Attic": {
            "Zone Area (m^2)": 202.43572415999998,
            "Volume (m^3)": 268.334546267803,
            "Vented": true,
            "Infiltration Method": "ELA",
            "ELA (cm^2)": 6747.1826862528,
            "ELA stack coefficient (L/s/cm^4/K)": 0.00018426396717940516,
            "ELA wind coefficient (L/s/cm^4/(m/s))": 6.0796020956369044e-05
        },
        "Foundation": {
            "Zone Type": "Crawlspace",
            "Zone Area (m^2)": 202.43572415999998,
            "Volume (m^3)": 246.80963489587194,
            "Vented": true,
            "Infiltration Method": "ELA",
            "ELA (cm^2)": 13496.3897297472,
            "ELA stack coefficient (L/s/cm^4/K)": 4.4821929281499506e-05,
            "ELA wind coefficient (L/s/cm^4/(m/s))": 8.64987456620941e-05
        }
    },
    "Equipment": {
        "HVAC Heating": {
            "Equipment Name": "Furnace",