{
    "Occupancy": {
        "Number of Occupants (-)": 6.0,
        "weekday_fractions": [0.035, 0.035, 0.035, 0.035, 0.035, 0.059, 0.082, 0.055, 0.027, 0.014, 0.014, 0.014, 0.014, 0.014, 0.019, 0.027, 0.041, 0.055, 0.068, 0.082, 0.082, 0.07, 0.053, 0.035],
        "weekend_fractions": [0.035, 0.035, 0.035, 0.035, 0.035, 0.059, 0.082, 0.055, 0.027, 0.014, 0.014, 0.014, 0.014, 0.014, 0.019, 0.027, 0.041, 0.055, 0.068, 0.082, 0.082, 0.07, 0.053, 0.035],
        "month_multipliers": [1.0, 1.0, 1.0, 1.0, 1.0, 1.0, 1.0, 1.0, 1.0, 1.0, 1.0, 1.0]
    },
    "Construction": {
        "Number of Bedrooms (-)": 3,
        "Number of Bathrooms (-)": 2,
        "House Type": "apartment unit",
        "Total Floors": 1.0,
        "Indoor Floors": 1.0,
        "Conditioned Floor Area (m^2)": 79.33919616,
        "Conditioned Volume (m^3)": 193.46069591654395,
        "Ceiling Height (m)": 2.4383999999999992,
        "Foundation Type": "Crawlspace",
        "First Floor Area (m^2)": 79.33919616,
        "Attic Floor Area (m^2)": 79.33919616,
        "Garage Floor Area (m^2)": 0,
        "Garage Protruded Area (m^2)": 0,
        "Indoor Floor Area (m^2)": 79.33919616,
        "Number of Bedrooms, Adjusted (-)": 8.67
    },
    "Boundaries": {
        "Exterior Wall": {
            "Interior Zone": "Indoor",
            "Exterior Zone": "Outdoor",
            "Area (m^2)": [
                15.217517952,
                13.359457152,
                27.387816192
            ],
            "Azimuth (deg)": [
                0,
                180,
                270
            ],
            "Boundary R Value": 10.9,
            "Exterior Solar Absorptivity (-)": 0.5,
            "Exterior Emissivity (-)": 0.9,
            "Finish Type": "vinyl siding",
            "Construction Type": "WoodStud"
        },
        "Adjacent Wall": {
            "Interior Zone": "Indoor",
            "Exterior Zone": "Indoor",
            "Area (m^2)": [
                29.134393344
            ],
            "Azimuth (deg)": [
                90
            ],
            "Boundary R Value": 4.0,
            "Construction Type": "WoodStud"
        },
        "Foundation Wall": {
            "Interior Zone": "Foundation",
            "Exterior Zone": "Ground",
            "Area (m^2)": [
                8.091854783999999,
                8.091854783999999,
                14.567196672
            ],
            "Azimuth (deg)": [
                0,
                180,
                270
            ],
            "Insulation Details": "Uninsulated",
            "Height (m)": 1.2191999999999998,
            "Construction Type": "Crawlspace"
        },
        "Adjacent Foundation Wall": {
            "Interior Zone": "Foundation",
            "Exterior Zone": "Foundation",
            "Area (m^2)": [
                14.567196672
            ],
            "Azimuth (deg)": [
                90
            ],
            "Construction Type": "Crawlspace"
        },
        "Foundation Ceiling": {
            "Interior Zone": "Indoor",
            "Exterior Zone": "Foundation",
            "Area (m^2)": [
                79.33919616
            ],
            "Boundary R Value": 22.6
        },
        "Adjacent Ceiling": {
            "Interior Zone": "Indoor",
            "Exterior Zone": "Indoor",
            "Area (m^2)": [
                79.33919616
            ],
            "Boundary R Value": 2.1
        },
        "Foundation Floor": {
            "Interior Zone": "Foundation",
            "Exterior Zone": "Ground",
            "Area (m^2)": [
                79.33919616
            ],
            "Insulation Details": "Uninsulated"
        },
        "Rim Joist": {
            "Interior Zone": "Foundation",
            "Exterior Zone": "Outdoor",
            "Area (m^2)": [
                1.5607710719999999,
                1.5607710719999999,
                2.8056718079999996
            ],
            "Azimuth (deg)": [
                0,
                180,
                270
            ],
            "Boundary R Value": 3.1,
            "Exterior Solar Absorptivity (-)": 0.5,
            "Exterior Emissivity (-)": 0.9,
            "Finish Type": "vinyl siding"
        },
        "Adjacent Rim Joist": {
            "Interior Zone": "Foundation",
            "Exterior Zone": "Foundation",
            "Area (m^2)": [
                2.8056718079999996
            ],
            "Azimuth (deg)": [
                90
            ],
            "Boundary R Value": 4.0
        },
        "Window": {
            "Interior Zone": "Indoor",
            "Exterior Zone": "Outdoor",
            "Area (m^2)": [
                0.9754819199999999,
                0.9754819199999999,
                1.746577152
            ],
            "Azimuth (deg)": [
                0,
                180,
                270
            ],
            "U Factor (W/m^2-K)": 0.49,
            "SHGC (-)": 0.56,
            "Shading Fraction (-)": 0.7
        },
        "Door": {
            "Interior Zone": "Indoor",
            "Exterior Zone": "Outdoor",
            "Area (m^2)": [
                1.8580607999999998
            ],
            "Azimuth (deg)": [
                180
            ],
            "Boundary R Value": 5.0
        },
        "Interior Wall": {
            "Area (m^2)": [
                79.33919616
            ],
            "Interior Zone": "Indoor",
            "Exterior Zone": "Indoor",
            "Insulation Level": "Standard"
        },
        "Indoor Furniture": {
            "Area (m^2)": [
                31.735678464000003
            ],
            "Interior Zone": "Indoor",
            "Exterior Zone": "Indoor",
            "Insulation Level": "Standard"
        },
        "Foundation Furniture": {
            "Area (m^2)": [
                31.735678464000003
            ],
            "Interior Zone": "Foundation",
            "Exterior Zone": "Foundation",
            "Insulation Level": "Standard"
        }
    },
    "Zones": {
        "Indoor": {
            "Zone Area (m^2)": 79.33919616,
            "Volume (m^3)": 193.46069591654393,
            "ELA stack coefficient (L/s/cm^4/K)": 8.964385856299898e-05,
            "ELA wind coefficient (L/s/cm^4/(m/s))": 0.00011413577917306574,
            "Infiltration Method": "ASHRAE",
            "inf_f_t": 0.5254720692073672,
            "inf_sft": 0.2627360346036836,
            "inf_n_i": 0.65,
            "inf_c": 0.08374460613909984,
            "inf_Cs": 0.05549283942636408,
            "inf_Cw": 0.10156623432739614
        },
        "Foundation": {
            "Zone Type": "Crawlspace",
            "Zone Area (m^2)": 79.33919616,
            "Volume (m^3)": 96.73034795827199,
            "Vented": true,
            "Infiltration Method": "ELA",
            "ELA (cm^2)": 5289.5442079872,
            "ELA stack coefficient (L/s/cm^4/K)": 4.4821929281499506e-05,
            "ELA wind coefficient (L/s/cm^4/(m/s))": 8.64987456620941e-05
        }
    },
    "Equipment": {
        "HVAC Heating": {
            "Equipment Name": "Furnace",
            "Fuel": "Electricity",
            "Capacity (W)": 5403.059004444444,
            "EIR (-)": 1.0,
            "Rated Efficiency": "1.0 AFUE",
            "SHR (-)": null,
            "Conditioned Space Fraction (-)": 1.0,
            "Number of Speeds (-)": 1,
            "Rated Auxiliary Power (W)": 201.64375,
            "Weekday Setpoints (C)": [20.000000000000057, 20.000000000000057, 20.000000000000057, 20.000000000000057, 20.000000000000057, 20.000000000000057, 20.000000000000057, 20.000000000000057, 20.000000000000057, 20.000000000000057, 20.000000000000057, 20.000000000000057, 20.000000000000057, 20.000000000000057, 20.000000000000057, 20.000000000000057, 20.000000000000057, 20.000000000000057, 20.000000000000057, 20.000000000000057, 20.000000000000057, 20.000000000000057, 20.000000000000057, 20.000000000000057],