{
    "Occupancy": {
        "Number of Occupants (-)": 2.0,
        "weekday_fractions": [0.035, 0.035, 0.035, 0.035, 0.035, 0.059, 0.082, 0.055, 0.027, 0.014, 0.014, 0.014, 0.014, 0.014, 0.019, 0.027, 0.041, 0.055, 0.068, 0.082, 0.082, 0.07, 0.053, 0.035],
        "weekend_fractions": [0.035, 0.035, 0.035, 0.035, 0.035, 0.059, 0.082, 0.055, 0.027, 0.014, 0.014, 0.014, 0.014, 0.014, 0.019, 0.027, 0.041, 0.055, 0.068, 0.082, 0.082, 0.07, 0.053, 0.035],
        "month_multipliers": [1.0, 1.0, 1.0, 1.0, 1.0, 1.0, 1.0, 1.0, 1.0, 1.0, 1.0, 1.0]
    },
    "Construction": {
        "Number of Bedrooms (-)": 4,
        "Number of Bathrooms (-)": 2,
        "House Type": "single-family detached",
        "Total Floors": 2.0,
        "Indoor Floors": 2.0,
        "Conditioned Floor Area (m^2)": 114.08493311999999,
        "Conditioned Volume (m^3)": 278.18470091980794,
        "Ceiling Height (m)": 2.4383999999999997,
        "Foundation Type": "Crawlspace",
        "First Floor Area (m^2)": 57.042466559999994,
        "Attic Floor Area (m^2)": 57.042466559999994,
        "Garage Floor Area (m^2)": 0,
        "Garage Protruded Area (m^2)": 0,
        "Indoor Floor Area (m^2)": 114.08493311999999,
        "Number of Bedrooms, Adjusted (-)": 1.5
    },
    "Boundaries": {
        "Exterior Wall": {
            "Interior Zone": "Indoor",
            "Exterior Zone": "Outdoor",
            "Area (m^2)": [
                34.58780179199999,
                19.221638975999998,
                32.73903129599999,
                19.221638975999998
            ],
            "Azimuth (deg)": [
                225,
                315,
                45,
                135
            ],
            "Boundary R Value": 4.8,
            "Exterior Solar Absorptivity (-)": 0.85,
            "Exterior Emissivity (-)": 0.9,
            "Finish Type": "wood siding",
            "Construction Type": "WoodStud"
        },
        "Attic Wall": {
            "Interior Zone": "Attic",
            "Exterior Zone": "Outdoor",
            "Area (m^2)": [
                3.9576695039999996,
                3.9576695039999996
            ],
            "Azimuth (deg)": [
                315,
                135
            ],
            "Boundary R Value": 4.0,
            "Exterior Solar Absorptivity (-)": 0.85,
            "Exterior Emissivity (-)": 0.9,
            "Finish Type": "wood siding",
            "Construction Type": "WoodStud"
        },
        "Foundation Wall": {
            "Interior Zone": "Foundation",
            "Exterior Zone": "Ground",
            "Area (m^2)": [
                12.356104319999998,
                6.865534656,
                12.356104319999998,
                6.865534656
            ],
            "Azimuth (deg)": [
                225,
                315,
                45,
                135
            ],
            "Insulation Details": "Uninsulated",
            "Height (m)": 1.2191999999999998,
            "Construction Type": "Crawlspace"
        },
        "Attic Floor": {
            "Interior Zone": "Indoor",
            "Exterior Zone": "Attic",
            "Area (m^2)": [
                57.042466559999994
            ],
            "Boundary R Value": 20.6
        },
        "Foundation Ceiling": {
            "Interior Zone": "Indoor",
            "Exterior Zone": "Foundation",
            "Area (m^2)": [
                57.042466559999994
            ],
            "Boundary R Value": 5.3
        },
        "Foundation Floor": {
            "Interior Zone": "Foundation",
            "Exterior Zone": "Ground",
            "Area (m^2)": [
                57.042466559999994
            ],
            "Insulation Details": "Uninsulated"
        },
        "Attic Roof": {
            "Interior Zone": "Attic",
            "Exterior Zone": "Outdoor",
            "Area (m^2)": [
                31.884323327999997,
                31.884323327999997
            ],
            "Azimuth (deg)": [
                225,
                45
            ],
            "Boundary R Value": 2.3,
            "Exterior Solar Absorptivity (-)": 0.85,
            "Exterior Emissivity (-)": 0.9,
            "Finish Type": "asphalt or fiberglass shingles",
            "Construction Type": "Pitched",
            "Tilt (deg)": 26.56505117707799,
            "Radiant Barrier": false
        },
        "Rim Joist": {
            "Interior Zone": "Foundation",
            "Exterior Zone": "Outdoor",
            "Area (m^2)": [
                2.378317824,
                1.3192231679999997,
                2.378317824,
                1.3192231679999997
            ],
            "Azimuth (deg)": [
                225,
                315,
                45,
                135
            ],
            "Boundary R Value": 3.9,
            "Exterior Solar Absorptivity (-)": 0.85,
            "Exterior Emissivity (-)": 0.9,
            "Finish Type": "wood siding"
        },
        "Window": {
            "Interior Zone": "Indoor",
            "Exterior Zone": "Outdoor",
            "Area (m^2)": [
                14.827325183999998,
                8.231209343999998,
                14.818034879999999,
                8.231209343999998
            ],
            "Azimuth (deg)": [
                225,
                315,
                45,
                135
            ],
            "U Factor (W/m^2-K)": 0.38,
            "SHGC (-)": 0.44,
            "Shading Fraction (-)": 0.7
        },
        "Door": {
            "Interior Zone": "Indoor",
            "Exterior Zone": "Outdoor",
            "Area (m^2)": [
                1.8580607999999998
            ],
            "Azimuth (deg)": [
                45
            ],
            "Boundary R Value": 5.0
        },
        "Interior Wall": {
            "Area (m^2)": [
                114.08493311999999
            ],
            "Interior Zone": "Indoor",
            "Exterior Zone": "Indoor",
            "Insulation Level": "Standard"
        },
        "Indoor Furniture": {
            "Area (m^2)": [
                45.633973248
            ],
            "Interior Zone": "Indoor",
            "Exterior Zone": "Indoor",
            "Insulation Level": "Standard"
        },
        "Foundation Furniture": {
            "Area (m^2)": [
                22.816986624
            ],
            "Interior Zone": "Foundation",
            "Exterior Zone": "Foundation",
            "Insulation Level": "Standard"
        }
    },
    "Zones": {
        "Indoor": {
            "Zone Area (m^2)": 114.08493311999999,
            "Volume (m^3)": 278.18470091980794,
            "ELA stack coefficient (L/s/cm^4/K)": 0.00017928771712599802,
            "ELA wind coefficient (L/s/cm^4/(m/s))": 0.0001506030635210884,
            "Infiltration Method": "ASHRAE",
            "inf_f_t": 0.6120349677568974,
            "inf_sft": 0.3060174838784487,
            "inf_n_i": 0.65,
            "inf_c": 0.09031473331863109,
            "inf_Cs": 0.08707759872212621,
            "inf_Cw": 0.10156623432739614
        },
        "Attic": {
            "Zone Area (m^2)": 57.042466559999994,
            "Volume (m^3)": 40.1211215840067,
            "Vented": true,
            "Infiltration Method": "ELA",
            "ELA (cm^2)": 1901.2254104447998,
            "ELA stack coefficient (L/s/cm^4/K)": 9.777453355396498e-05,
            "ELA wind coefficient (L/s/cm^4/(m/s))": 6.614354108815908e-05
        },
        "Foundation": {
            "Zone Type": "Crawlspace",
            "Zone Area (m^2)": 57.042466559999994,
            "Volume (m^3)": 69.54617522995198,
            "Vented": true,
            "Infiltration Method": "ELA",
            "ELA (cm^2)": 3803.0212455551996,
            "ELA stack coefficient (L/s/cm^4/K)": 4.4821929281499506e-05,
            "ELA wind coefficient (L/s/cm^4/(m/s))": 8.64987456620941e-05
        }
    },