{
    "Occupancy": {
        "Number of Occupants (-)": 6.0,
        "weekday_fractions": [0.035, 0.035, 0.035, 0.035, 0.035, 0.059, 0.082, 0.055, 0.027, 0.014, 0.014, 0.014, 0.014, 0.014, 0.019, 0.027, 0.041, 0.055, 0.068, 0.082, 0.082, 0.07, 0.053, 0.035],
        "weekend_fractions": [0.035, 0.035, 0.035, 0.035, 0.035, 0.059, 0.082, 0.055, 0.027, 0.014, 0.014, 0.014, 0.014, 0.014, 0.019, 0.027, 0.041, 0.055, 0.068, 0.082, 0.082, 0.07, 0.053, 0.035],
        "month_multipliers": [1.0, 1.0, 1.0, 1.0, 1.0, 1.0, 1.0, 1.0, 1.0, 1.0, 1.0, 1.0]
    },
    "Construction": {
        "Number of Bedrooms (-)": 3,
        "Number of Bathrooms (-)": 2,
        "House Type": "single-family detached",
        "Total Floors": 1.0,
        "Indoor Floors": 1.0,
        "Conditioned Floor Area (m^2)": 114.08493311999999,
        "Conditioned Volume (m^3)": 278.18470091980794,
        "Ceiling Height (m)": 2.4383999999999997,
        "Foundation Type": null,
        "First Floor Area (m^2)": 114.08493311999999,
        "Attic Floor Area (m^2)": 114.08493311999999,
        "Garage Floor Area (m^2)": 0,
        "Garage Protruded Area (m^2)": 0,
        "Indoor Floor Area (m^2)": 114.08493311999999,
        "Number of Bedrooms, Adjusted (-)": 5.860000000000001
    },
    "Boundaries": {
        "Exterior Wall": {
            "Interior Zone": "Indoor",
            "Exterior Zone": "Outdoor",
            "Area (m^2)": [
                32.84122464,
                18.255447359999998,
                30.983163839999996,
                18.255447359999998
            ],
            "Azimuth (deg)": [
                270,
                0,
                90,
                180
            ],
            "Boundary R Value": 10.9,
            "Exterior Solar Absorptivity (-)": 0.7,
            "Exterior Emissivity (-)": 0.9,
            "Finish Type": "composite shingle siding",
            "Construction Type": "WoodStud"
        },
        "Attic Wall": {
            "Interior Zone": "Attic",
            "Exterior Zone": "Outdoor",
            "Area (m^2)": [
                7.924629311999999,
                7.924629311999999
            ],
            "Azimuth (deg)": [
                0,
                180
            ],
            "Boundary R Value": 4.0,
            "Exterior Solar Absorptivity (-)": 0.7,
            "Exterior Emissivity (-)": 0.9,
            "Finish Type": "composite shingle siding",
            "Construction Type": "WoodStud"
        },
        "Attic Floor": {
            "Interior Zone": "Indoor",
            "Exterior Zone": "Attic",
            "Area (m^2)": [
                114.08493311999999
            ],
            "Boundary R Value": 31.6
        },
        "Raised Floor": {
            "Interior Zone": "Indoor",
            "Exterior Zone": "Outdoor",
            "Area (m^2)": [
                114.08493311999999
            ],
            "Boundary R Value": 22.6
        },
        "Attic Roof": {
            "Interior Zone": "Attic",
            "Exterior Zone": "Outdoor",
            "Area (m^2)": [
                63.77793696,
                63.77793696
            ],
            "Azimuth (deg)": [
                270,
                90
            ],
            "Boundary R Value": 2.3,
            "Exterior Solar Absorptivity (-)": 0.85,
            "Exterior Emissivity (-)": 0.9,
            "Finish Type": "asphalt or fiberglass shingles",
            "Construction Type": "Pitched",
            "Tilt (deg)": 26.56505117707799,
            "Radiant Barrier": false
        },
        "Window": {
            "Interior Zone": "Indoor",
            "Exterior Zone": "Outdoor",
            "Area (m^2)": [
                2.099608704,
                1.1612879999999999,
                2.099608704,
                1.1612879999999999
            ],
            "Azimuth (deg)": [
                270,
                0,
                90,
                180
            ],
            "U Factor (W/m^2-K)": 0.67,
            "SHGC (-)": 0.56,
            "Shading Fraction (-)": 0.7
        },
        "Door": {
            "Interior Zone": "Indoor",
            "Exterior Zone": "Outdoor",
            "Area (m^2)": [
                1.8580607999999998
            ],
            "Azimuth (deg)": [
                90
            ],
            "Boundary R Value": 5.0
        },
        "Interior Wall": {
            "Area (m^2)": [
                114.08493311999999
            ],
            "Interior Zone": "Indoor",
            "Exterior Zone": "Indoor",
            "Insulation Level": "Standard"
        },
        "Indoor Furniture": {
            "Area (m^2)": [
                45.633973248
            ],
            "Interior Zone": "Indoor",
            "Exterior Zone": "Indoor",
            "Insulation Level": "Standard"
        }
    },
    "Zones": {
        "Indoor": {
            "Zone Area (m^2)": 114.08493311999999,
            "Volume (m^3)": 278.18470091980794,
            "ELA stack coefficient (L/s/cm^4/K)": 8.964385856299901e-05,
            "ELA wind coefficient (L/s/cm^4/(m/s))": 0.00011413577917306574,
            "Infiltration Method": "ASHRAE",
            "inf_f_t": 0.5254720692073672,
            "inf_sft": 0.2627360346036836,
            "inf_n_i": 0.65,
            "inf_c": 0.09031473331863109,
            "inf_Cs": 0.056860661976270405,
            "inf_Cw": 0.16323354494299264
        },
        "Attic": {
            "Zone Area (m^2)": 114.08493311999999,
            "Volume (m^3)": 113.5462450834358,
            "Vented": false,
            "Infiltration Method": "ACH",
            "Air Changes (1/hour)": 0.1
        }
    },
    "Equipment": {
        "HVAC Heating": {
            "Equipment Name": "Furnace",
            "Fuel": "Natural gas",
            "Capacity (W)": 7850.788924444445,
            "EIR (-)": 1.3157894736842106,
            "Rated Efficiency": "0.76 AFUE",
            "SHR (-)": null,
            "Conditioned Space Fraction (-)": 1.0,
            "Number of Speeds (-)": 1,
            "Rated Auxiliary Power (W)": 390.65833333333336,
            "Weekday Setpoints (C)": [13.333333333333371, 13.333333333333371, 13.333333333333371, 13.333333333333371, 16.666666666666686, 16.666666666666686, 13.333333333333371, 13.333333333333371, 13.333333333333371, 13.333333333333371, 13.333333333333371, 13.333333333333371, 13.333333333333371, 13.333333333333371, 16.666666666666686, 16.666666666666686, 16.666666666666686, 16.666666666666686, 16.666666666666686, 13.333333333333371, 13.333333333333371, 13.333333333333371, 13.333333333333371, 13.333333333333371],
            "Weekend Setpoints (C)": [13.333333333333371, 13.333333333333371, 13.333333333333371, 13.333333333333371, 16.666666666666686, 16.666666666666686, 16.666666666666686, 16.666666666666686, 16.666666666666686, 16.666666666666686, 16.666666666666686, 16.666666666666686, 16.666666666666686, 16.666666666666686, 16.666666666666686, 16.666666666666686, 16.666666666666686, 16.666666666666686, 16.666666666666686, 13.333333333333371, 13.333333333333371, 13.333333333333371, 13.333333333333371, 13.333333333333371],
            "Ducts": {
                "Zone": "Attic",
                "Supply Leakage (-)": 0.133,
                "Supply Area (ft^2)": 331.56,
                "Supply R Value": 4.0,
                "Return Leakage (-)": 0.067,
                "Return Area (ft^2)": 61.400000000000006,
                "Return R Value": 4.0
            }
        },
        "Water Heating": {
            "Equipment Name": "storage water heater",
            "Fuel": "Electricity",
            "Zone": "Indoor",
            "Setpoint Temperature (C)": 51.666666666666686,
            "UA (W/K)": 1.1635681296899638,
            "Efficiency (-)": 1.0,
            "Energy Factor (-)": 0.92,
            "Tank Volume (L)": 170.34353027999995,
            "Tank Height (m)": 1.2191999999999998,
            "Capacity (W)": 5500.065542222223,